,매장이름,주소,구,브랜드,위도,경도
0,역삼아레나빌딩,서울특별시 강남구 언주로 425 (역삼동),강남구,스타벅스,37.4748174,127.0600448
1,논현역사거리,서울특별시 강남구 강남대로 538 (논현동),강남구,스타벅스,37.5221061,127.0175013
2,신사역성일빌딩,서울특별시 강남구 강남대로 584 (논현동),강남구,스타벅스,37.5221061,127.0175013
3,국기원사거리,서울특별시 강남구 테헤란로 125 (역삼동),강남구,스타벅스,37.5082638,127.0606999
4,대치재경빌딩R,서울특별시 강남구 남부순환로 2947 (대치동),강남구,스타벅스,37.49462225,127.06276631492824
5,봉은사역,서울특별시 강남구 봉은사로 619 (삼성동),강남구,스타벅스,37.5148197,127.063493
6,압구정윤성빌딩,서울특별시 강남구 논현로 834 (신사동),강남구,스타벅스,37.522873649999994,127.02857242328601
7,코엑스별마당,서울특별시 강남구 영동대로 513 (삼성동),강남구,스타벅스,37.5221283,127.0557289
8,삼성역섬유센터R,서울특별시 강남구 테헤란로 518 (대치동),강남구,스타벅스,37.5082638,127.0606999
9,압구정R,서울특별시 강남구 언주로 861 (신사동),강남구,스타벅스,37.4748174,127.0600448
10,수서역R,서울특별시 강남구 광평로 281 (수서동),강남구,스타벅스,37.4825935,127.0790586
11,양재강남빌딩R,서울특별시 강남구 남부순환로 2621 (도곡동),강남구,스타벅스,37.485271299999994,127.03667786513964
12,선릉동신빌딩R,서울특별시 강남구 테헤란로 409 (삼성동),강남구,스타벅스,37.5082638,127.0606999
13,봉은사로선정릉,서울특별시 강남구 봉은사로 446 (삼성동),강남구,스타벅스,37.5148197,127.063493
14,강남오거리,서울특별시 강남구 봉은사로2길 39 (역삼동),강남구,스타벅스,37.5028453,127.0261846
15,스타필드코엑스몰R,서울특별시 강남구 영동대로 513 (삼성동) 코엑스 A106호,강남구,스타벅스,37.5221283,127.0557289
16,강남구청정문,서울특별시 강남구 학동로 419 (청담동),강남구,스타벅스,37.5199698,127.056947
17,도곡공원,서울특별시 강남구 도곡로 205 (역삼동),강남구,스타벅스,37.49418685,127.049732
18,강남R,서울특별시 강남구 강남대로 390 (역삼동),강남구,스타벅스,37.5221061,127.0175013
19,대치은마사거리,서울특별시 강남구 도곡로 457 (대치동),강남구,스타벅스,37.4989632,127.0602104
20,청담영동대로,서울특별시 강남구 영동대로 720 (청담동),강남구,스타벅스,37.5221283,127.0557289
21,압구정,서울특별시 강남구 압구정로30길 17 (신사동),강남구,스타벅스,37.524714,127.0290956
22,신사가로수,서울특별시 강남구 가로수길 59 ,강남구,스타벅스,37.5209574,127.0229101
23,청담스타R,서울특별시 강남구 도산대로57길 24 (청담동),강남구,스타벅스,37.525243200000006,127.04181394976302
24,강남우성,서울특별시 강남구 강남대로 328 (역삼동),강남구,스타벅스,37.5221061,127.0175013
25,학동사거리,서울특별시 강남구 도산대로 328 (논현동),강남구,스타벅스,37.5214392,127.0337787
26,대치사거리,서울특별시 강남구 삼성로 402 (대치동),강남구,스타벅스,37.5215228,127.0487626
27,포스코사거리,서울특별시 강남구 테헤란로 505 (삼성동) 화진빌딩,강남구,스타벅스,37.5082638,127.0606999
28,을지병원사거리,"서울특별시 강남구 논현로 752 (논현동,구산빌딩)",강남구,스타벅스,37.471318,127.0511927
29,신사역,서울특별시 강남구 도산대로 108 (논현동) 렉스타워,강남구,스타벅스,37.5214392,127.0337787
30,도곡역,서울특별시 강남구 남부순환로 2909 (대치동),강남구,스타벅스,37.49218995,127.05746583355238
31,서울세관사거리,서울특별시 강남구 언주로 650 (논현동) 한국건설기술인협회,강남구,스타벅스,37.4748174,127.0600448
32,청담사거리,서울특별시 강남구 도산대로 458 (청담동) 리츠타워,강남구,스타벅스,37.5238456,127.0467767
33,한티역,"서울특별시 강남구 도곡로 408, 디마크빌딩 101호 (대치동)",강남구,스타벅스,,
34,역삼초교사거리,서울특별시 강남구 역삼로 123 (역삼동),강남구,스타벅스,37.5029327,127.0581438
35,코엑스몰,서울특별시 강남구 영동대로 513 (삼성동) O103호,강남구,스타벅스,37.5221283,127.0557289
36,가로수길,"서울특별시 강남구 논현로175길 94, 1~2층 (신사동)",강남구,스타벅스,,
37,역삼대로,"서울특별시 강남구 테헤란로 211, 한국고등교육재단빌딩 1층 (역삼동)",강남구,스타벅스,,
38,역삼포스코,"서울특별시 강남구 테헤란로 134, P&S TOWER (역삼동)",강남구,스타벅스,,
39,강남대로,"서울특별시 강남구 강남대로 456, 한석타워 2층 1-2호 (역삼동)",강남구,스타벅스,,
40,청담,"서울특별시 강남구 도산대로 532, 인희빌딩 1층 (청담동)",강남구,스타벅스,,
41,삼성도심공항,서울특별시 강남구 테헤란로87길 33 (삼성동),강남구,스타벅스,37.5098719,127.0583143
42,삼성교,"서울특별시 강남구 영동대로86길 12, 동남유화빌딩 1층",강남구,스타벅스,,
43,학동역,서울특별시 강남구 논현로 704 (논현동),강남구,스타벅스,37.471318,127.0511927
44,대치,서울특별시 강남구 도곡로 511 (대치동),강남구,스타벅스,37.4996329,127.06228485629852
45,SSG마켓도곡R,"서울특별시 강남구 언주로30길 57, 타워팰리스Ⅱ F 지하1층 (도곡동)",강남구,스타벅스,,
46,삼성,"서울특별시 강남구 테헤란로 443, 애플트리타워 1층 (삼성동)",강남구,스타벅스,,
47,선릉세화빌딩,서울특별시 강남구 테헤란로64길 18 (대치동) 1층,강남구,스타벅스,37.5039306,127.0513461
48,압구정역,"서울특별시 강남구 압구정로 170, 관영빌딩 1층 지하1층 (신사동)",강남구,스타벅스,,
49,압구정로,서울특별시 강남구 압구정로42길 32 (신사동),강남구,스타벅스,37.5240822,127.034101
50,구역삼사거리,서울특별시 강남구 논현로 401 (역삼동),강남구,스타벅스,37.471318,127.0511927
51,큰길타워,"서울특별시 강남구 테헤란로 223, 큰길타워빌딩 (역삼동)",강남구,스타벅스,,
52,강남구청역,"서울특별시 강남구 선릉로 669, 웰빙센터 1층 (논현동)",강남구,스타벅스,,
53,대치역,서울특별시 강남구 남부순환로 2936 (대치동) 107호,강남구,스타벅스,37.4933484,127.0618811053215
54,포이,서울특별시 강남구 논현로 88 (개포동),강남구,스타벅스,37.471318,127.0511927
55,아크플레이스,서울특별시 강남구 테헤란로 142 (역삼동),강남구,스타벅스,37.5082638,127.0606999
56,학여울역,서울특별시 강남구 영동대로 215 (대치동),강남구,스타벅스,37.49798545,127.06854191552031
57,선정릉역,서울특별시 강남구 봉은사로 407 (삼성동) 에프오빌딩,강남구,스타벅스,37.5148197,127.063493
58,삼성현대힐,서울특별시 강남구 삼성로 605 (삼성동),강남구,스타벅스,37.5215228,127.0487626
59,GS타워,서울특별시 강남구 논현로 508 (역삼동),강남구,스타벅스,37.471318,127.0511927
60,압구정미소,서울특별시 강남구 논현로 841 (신사동),강남구,스타벅스,37.471318,127.0511927
61,선릉역,"서울특별시 강남구 테헤란로 334, LG화재 빌딩 (역삼동)",강남구,스타벅스,,
62,코엑스사거리,서울특별시 강남구 영동대로 616 (삼성동),강남구,스타벅스,37.5110767,127.0618173
63,역삼럭키,서울특별시 강남구 도곡로 183 (역삼동),강남구,스타벅스,37.5001816,127.0648724
64,차병원사거리,"서울특별시 강남구 봉은사로 213, 센트럴타워 (논현동)",강남구,스타벅스,,
65,청담공원,서울특별시 강남구 학동로 506 (삼성동),강남구,스타벅스,37.5199698,127.056947
66,신압구정,서울특별시 강남구 언주로174길 29 (신사동),강남구,스타벅스,37.5284522,127.033757
67,아크로힐스논현,"서울특별시 강남구 봉은사로 304, 금강빌딩 1-2층 (역삼동)",강남구,스타벅스,,
68,뱅뱅사거리,서울특별시 강남구 강남대로 282 (도곡동),강남구,스타벅스,37.5221061,127.0175013
69,강남비젼타워,"서울특별시 강남구 테헤란로2길 27, 1층 101호 (역삼동)",강남구,스타벅스,,
70,역삼역,"서울특별시 강남구 테헤란로 145, 우신빌딩 1층 (역삼동)",강남구,스타벅스,,
71,압구정로데오역,"서울특별시 강남구 선릉로 836, 삼원빌딩 1,2층 (청담동)",강남구,스타벅스,,
72,르네상스사거리,서울특별시 강남구 테헤란로 306 (역삼동),강남구,스타벅스,37.5082638,127.0606999
73,포스코,"서울특별시 강남구 삼성로86길 7, 1층 (대치동)",강남구,스타벅스,,
74,선릉로,"서울특별시 강남구 선릉로93길 22, 대흥빌딩 1층 (역삼동)",강남구,스타벅스,,
75,논현힐탑,서울특별시 강남구 논현로 648 (논현동),강남구,스타벅스,37.471318,127.0511927
76,도산가로수길,"서울특별시 강남구 도산대로 134, 2층 (논현동)",강남구,스타벅스,,
77,대치한티,서울특별시 강남구 선릉로 324 (대치동),강남구,스타벅스,37.5290401,127.041123
78,수서역사거리,서울특별시 강남구 광평로 280 (수서동),강남구,스타벅스,37.4874283,127.1030514
79,코엑스아셈타워,서울특별시 강남구 영동대로 517 (삼성동),강남구,스타벅스,37.5221283,127.0557289
80,센터필드R,서울특별시 강남구 테헤란로 231 (역삼동),강남구,스타벅스,37.5082638,127.0606999
81,도산사거리,서울특별시 강남구 언주로 727 (논현동),강남구,스타벅스,37.4748174,127.0600448
82,강남세곡,서울특별시 강남구 헌릉로569길 18 (세곡동),강남구,스타벅스,37.4670394,127.0982391
83,대치삼성프라자,서울특별시 강남구 영동대로 237 (대치동),강남구,스타벅스,37.5006039,127.0670254
84,테헤란로아남타워,서울특별시 강남구 테헤란로 311 (역삼동),강남구,스타벅스,37.5082638,127.0606999
85,강남논현,서울특별시 강남구 강남대로 512 (논현동),강남구,스타벅스,37.5221061,127.0175013
86,삼성동,서울특별시 강남구 영동대로96길 12 (삼성동),강남구,스타벅스,37.510748500000005,127.06359359999999
87,역삼이마트,서울특별시 강남구 역삼로 310 (역삼동),강남구,스타벅스,37.5029327,127.0581438
88,미아뉴타운,서울특별시 강북구 삼양로 161 (미아동),강북구,스타벅스,37.61832245,127.02122176294081
89,강북구청사거리,서울특별시 강북구 도봉로 365 (수유동),강북구,스타벅스,37.6152945,127.0299205
90,미아사거리역,서울특별시 강북구 도봉로 32 (미아동),강북구,스타벅스,37.6152945,127.0299205
91,수유역,서울특별시 강북구 도봉로 342 (번동),강북구,스타벅스,37.6152945,127.0299205
92,미아역,서울특별시 강북구 도봉로 196 (미아동),강북구,스타벅스,37.6152945,127.0299205
93,파라스파라서울,서울특별시 강북구 삼양로 689 (우이동)[*미고시],강북구,스타벅스,37.6326783,127.0176206
94,발산역사거리,서울특별시 강서구 공항대로 248 (마곡동),강서구,스타벅스,37.5604431,126.8198414
95,마곡역,서울특별시 강서구 공항대로 168 (마곡동),강서구,스타벅스,37.5604431,126.8198414
96,우장산역,서울특별시 강서구 강서로 267 (내발산동),강서구,스타벅스,37.5497037,126.8360897
97,마곡사이언스타워R,서울특별시 강서구 마곡동로 62 (마곡동),강서구,스타벅스,37.5583197,126.8331408
98,방화DT,서울특별시 강서구 방화대로 375 (방화동),강서구,스타벅스,37.5522563,126.8166247
99,마곡나루역,서울특별시 강서구 마곡중앙로 161-17 (마곡동),강서구,스타벅스,37.5599103,126.8268895
100,마곡GMG,"서울특별시 강서구 마곡중앙6로 16 (마곡동) 117,118,119,120호",강서구,스타벅스,37.5614075,126.8302309
101,가양역,서울특별시 강서구 양천로 476 (등촌동),강서구,스타벅스,37.5733451,126.8166853
102,화곡DT,서울특별시 강서구 등촌로 57 (화곡동),강서구,스타벅스,37.5515234,126.864002
103,양천향교역,서울특별시 강서구 강서로 463 (마곡동),강서구,스타벅스,37.5668483,126.8405844
104,화곡동,서울특별시 강서구 화곡로 142(화곡동),강서구,스타벅스,37.5420713,126.841519
105,등촌,서울특별시 강서구 공항대로 329 (등촌동),강서구,스타벅스,37.55827755,126.84437119477363
106,염창역,서울특별시 강서구 공항대로 627 (염창동),강서구,스타벅스,37.547286400000004,126.87455935
107,발산역,서울특별시 강서구 강서로 388 (등촌동) 그랜드마트,강서구,스타벅스,37.560195199999995,126.83934569241194
108,가양이마트,서울특별시 강서구 양천로 559 (가양동) 1층,강서구,스타벅스,37.5733451,126.8166853
109,까치산역,서울특별시 강서구 강서로13길 3 (화곡동),강서구,스타벅스,37.5318519,126.8453269
110,등촌대로,"서울특별시 강서구 공항대로 543 (염창동, 센터스퀘어)",강서구,스타벅스,37.5604431,126.8198414
111,가양역사거리,"서울특별시 강서구 화곡로 416 (등촌동) 가양더스카이벨리5차 지식산업센터 101, 102, 114,~117호",강서구,스타벅스,37.5420713,126.841519
112,내발산,"서울특별시 강서구 강서로 323 (내발산동), 101/102호",강서구,스타벅스,37.5583814,126.8381831
113,강서NC,서울특별시 강서구 강서로56길 17 (등촌동),강서구,스타벅스,37.5596199,126.838934
114,마곡나루공원,서울특별시 강서구 마곡중앙5로 47 (마곡동),강서구,스타벅스,37.5674795,126.8174008
115,강서구청사거리,서울특별시 강서구 화곡로 350 (화곡동),강서구,스타벅스,37.5420713,126.841519
116,낙성대역,서울특별시 관악구 남부순환로 1908 (봉천동),관악구,스타벅스,37.4777009,126.96121395882453
117,관악서울대입구R,서울특별시 관악구 관악로 158 (봉천동),관악구,스타벅스,37.47931845,126.9528247992159
118,신림DT,서울특별시 관악구 남부순환로 1419 (신림동),관악구,스타벅스,37.4828861,126.9200241
119,서울대역,서울특별시 관악구 남부순환로 1817 (봉천동),관악구,스타벅스,37.48166275,126.95215870091016
120,낙성대DT,서울특별시 관악구 남부순환로 1948 (봉천동),관악구,스타벅스,37.4761494,126.9651315
121,사당,서울특별시 관악구 남부순환로 2082-25,관악구,스타벅스,,
122,보라매대교,서울특별시 관악구 보라매로3길 23 (봉천동) 1층,관악구,스타벅스,37.4913079,126.9264039
123,신림사거리,서울특별시 관악구 남부순환로 1619 (신림동),관악구,스타벅스,37.4828861,126.9200241
124,신림,서울특별시 관악구 신림로 355-1 (신림동),관악구,스타벅스,37.4709068,126.9419211
125,신림타임스트림,서울특별시 관악구 신림로 330 타임스트림 1층,관악구,스타벅스,,
126,서울대입구역,서울특별시 관악구 남부순환로 1812 (봉천동),관악구,스타벅스,37.4811141,126.95130261986172
127,건국대,서울특별시 광진구 능동로 117 (화양동),광진구,스타벅스,37.5389737,127.070152
128,어린이대공원역,서울특별시 광진구 능동로 243 (군자동),광진구,스타벅스,37.5520304,127.07642
129,아차산역,서울특별시 광진구 천호대로 676 (구의동),광진구,스타벅스,37.5581538,127.0767458
130,올림픽대교북단,서울특별시 광진구 광나루로 608 (구의동),광진구,스타벅스,37.5453891,127.0805575
131,구의DT,서울특별시 광진구 광나루로 519 (구의동),광진구,스타벅스,37.5453891,127.0805575
132,자양사거리,서울특별시 광진구 아차산로 355,광진구,스타벅스,37.537373450000004,127.08264626068336
133,군자역,서울특별시 광진구 천호대로 548 (군자동) 중앙빌딩,광진구,스타벅스,37.5581538,127.0767458
134,광나루,"서울특별시 광진구 아차산로 607, 1,2층 (광장동)",광진구,스타벅스,,
135,건대스타시티,서울특별시 광진구 아차산로 262 (자양동),광진구,스타벅스,37.5473613,127.1063934
136,자양,서울특별시 광진구 능동로 50 (자양동),광진구,스타벅스,37.5324863,127.0671481
137,강변역,서울특별시 광진구 구의강변로 64 (구의동) 구의아크로리버,광진구,스타벅스,37.5360055,127.09280017241599
138,건대입구,서울특별시 광진구 능동로 107 (화양동),광진구,스타벅스,37.5389737,127.070152
139,구의역,서울특별시 광진구 아차산로 373 (구의동),광진구,스타벅스,37.5473613,127.1063934
140,광장,서울특별시 광진구 아차산로 537-17 (광장동),광진구,스타벅스,37.5473613,127.1063934
141,건국클래식,서울특별시 광진구 능동로 90 (자양동) 더 클래식500,광진구,스타벅스,37.53833375,127.07090505
142,자양이마트,서울특별시 광진구 아차산로 272 (자양동) 지하1층,광진구,스타벅스,37.538418,127.07323878135787
143,중곡,서울특별시 광진구 천호대로 549 (중곡동) 1층,광진구,스타벅스,37.5581538,127.0767458
144,금천구청역,"서울특별시 금천구 시흥대로73길 67 (시흥동)112,113,114,115호",금천구,스타벅스,37.45593885,126.89567667264251
145,가산에스케이,서울특별시 금천구 가산디지털1로 171 (가산동),금천구,스타벅스,37.4818877,126.8809178
146,독산사거리,서울특별시 금천구 시흥대로 426 (독산동),금천구,스타벅스,37.4350863,126.9029168
147,금천시흥,서울특별시 금천구 시흥대로 164 (시흥동),금천구,스타벅스,37.4488768,126.90319559249004
148,가산디지털단지역,서울특별시 금천구 벚꽃로 298 (가산동),금천구,스타벅스,37.4655832,126.889962
149,금천독산,서울특별시 금천구 두산로 70 (독산동),금천구,스타벅스,37.4698938,126.8960246
150,가산디지털,서울특별시 금천구 가산디지털1로 168 (가산동),금천구,스타벅스,37.4818877,126.8809178
151,W-Mall,서울특별시 금천구 디지털로 188 (가산동),금천구,스타벅스,37.4773613,126.88771096865983
152,마리오아울렛,서울특별시 금천구 벚꽃로 266 마리오아울렛3관,금천구,스타벅스,,
153,가산브이타워,서울특별시 금천구 가산디지털1로 128 (가산동),금천구,스타벅스,37.4818877,126.8809178
154,가산그레이트,"서울특별시 금천구 디지털로9길 32, 갑을그레이트밸리 1층 (가산동)",금천구,스타벅스,,
155,월계역,"서울특별시 노원구 초안산로2라길26 월계동(104,105,106호)",노원구,스타벅스,,
156,월계트레이더스,서울특별시 노원구 마들로3길 15 (월계동),노원구,스타벅스,37.62670545,127.0617333542776
157,상계초교사거리,서울특별시 노원구 노원로 449 ,노원구,스타벅스,37.6614404,127.0549701
158,공릉DT,서울특별시 노원구 동일로 1015 (공릉동),노원구,스타벅스,37.6644081,127.0579149
159,노원마들역,"서울특별시 노원구 노원로 569 (상계동, 임광아파트)",노원구,스타벅스,37.6614404,127.0549701
160,공릉역,서울특별시 노원구 동일로 1081 (공릉동),노원구,스타벅스,37.6644081,127.0579149
161,은행사거리,"서울특별시 노원구 중계로 217, 중흥빌딩 103,203호 (중계동)",노원구,스타벅스,,
162,노원KT,"서울특별시 노원구 노해로 502, (주)KT 노원사옥 (상계동)",노원구,스타벅스,37.6542439,127.0603337
163,광운대,서울특별시 노원구 석계로 104 (월계동),노원구,스타벅스,37.6149158,127.0647959
164,중계역,"서울특별시 노원구 동일로 1339, 대한빌딩 (상계동)",노원구,스타벅스,,
165,노원역,서울특별시 노원구 동일로 1413 (상계동) 1층,노원구,스타벅스,37.6644081,127.0579149
166,월계이마트,서울특별시 노원구 마들로3길 15 (월계동),노원구,스타벅스,37.62670545,127.0617333542776
167,태릉입구역DT,서울특별시 노원구 화랑로 469 (공릉동),노원구,스타벅스,37.616624,127.0724865
168,창동이마트,서울특별시 도봉구 노해로65길 4 (창동),도봉구,스타벅스,37.652,127.0463641
169,쌍문역,서울특별시 도봉구 도봉로 480 (창동),도봉구,스타벅스,37.6685171,127.0433176
170,쌍문도봉로,서울특별시 도봉구 도봉로 444 (창동),도봉구,스타벅스,37.6685171,127.0433176
171,노량진동,"서울특별시 동작구 노량진로 190 (노량진동, 고려교육타워-어바니엘한강) 101호~105호",동작구,스타벅스,37.5126537,126.925404
172,남성역,서울특별시 동작구 사당로 219 (사당동),동작구,스타벅스,37.4946982,126.9608044
173,상도역,서울특별시 동작구 상도로37길 1 (상도1동),동작구,스타벅스,37.5003784,126.9508288
174,보라매공원R,"서울특별시 동작구 보라매로5길 35 (신대방동, 파크스퀘어,보라매현대APT)",동작구,스타벅스,37.4913386,126.922876
175,이수자이,서울특별시 동작구 사당로 300 (사당동 이수자이),동작구,스타벅스,37.4946982,126.9608044
176,노량진역,서울특별시 동작구 노량진로 134 (노량진동),동작구,스타벅스,37.5126537,126.925404
177,신대방삼거리역,서울특별시 동작구 상도로 102 (상도동),동작구,스타벅스,37.504630399999996,126.94753824964121
178,중앙대,서울특별시 동작구 흑석로 75-1 (흑석동),동작구,스타벅스,37.5089249,126.9617361
179,숭실대입구역,서울특별시 동작구 상도로 354 (상도동),동작구,스타벅스,37.5041896,126.9379181
180,숭실대,서울특별시 동작구 사당로 4 (상도동),동작구,스타벅스,37.4843889,126.9718021
181,사당역,"서울특별시 동작구 동작대로 21, 양지빌딩 1-3층 (사당동)",동작구,스타벅스,,
182,서강대프라자,서울특별시 마포구 백범로 35 (신수동),마포구,스타벅스,37.5521044,126.9409838739227
183,상암YTN,서울특별시 마포구 상암산로 76 (상암동),마포구,스타벅스,37.5758663,126.8882296
184,마포용강동,서울특별시 마포구 토정로 295 (용강동),마포구,스타벅스,37.5456603,126.9265282
185,홍대입구역사거리R,서울특별시 마포구 양화로 125 (서교동),마포구,스타벅스,37.5583347,126.9255789
186,마포경찰서후문,서울특별시 마포구 마포대로 173-14 (아현동),마포구,스타벅스,37.5379407,126.9434293
187,공덕,서울특별시 마포구 마포대로 130 (공덕동),마포구,스타벅스,37.5379407,126.9434293
188,합정폴리스R,"서울특별시 마포구 양화로 45 (서교동, 메세나폴리스)",마포구,스타벅스,37.5502395,126.9139625
189,홍대공항철도역,서울특별시 마포구 양화로 178 (동교동),마포구,스타벅스,37.557475499999995,126.92519440370589
190,마포염리,서울특별시 마포구 독막로 311 (염리동),마포구,스타벅스,37.5473372,126.9369738
191,서강광흥창역,서울특별시 마포구 서강로 69 (창전동),마포구,스타벅스,37.550354,126.932257
192,합정,"서울특별시 마포구 월드컵로1길 14 (합정동) 마포한강푸르지오 110, 111, 112-2",마포구,스타벅스,37.5492217,126.9119938
193,서강대흥역,서울특별시 마포구 백범로 89-5 (대흥동),마포구,스타벅스,37.5435967,126.9516755
194,서교동사거리,서울특별시 마포구 양화로 105 (서교동),마포구,스타벅스,37.5583347,126.9255789
195,상암사보이시티,서울특별시 마포구 월드컵북로54길 17 (상암동),마포구,스타벅스,37.5806945,126.8887469
196,신촌오거리,서울특별시 마포구 신촌로16길 10 (노고산동),마포구,스타벅스,37.5541017,126.93424
197,상암디지털큐브,서울특별시 마포구 상암산로 34,마포구,스타벅스,37.5758663,126.8882296
198,상수역,서울특별시 마포구 독막로 88 (상수동),마포구,스타벅스,37.5474557,126.9323373
199,공덕오거리,서울특별시 마포구 마포대로 86 (도화동) 창강빌딩,마포구,스타벅스,37.5379407,126.9434293
200,서교,서울특별시 마포구 양화로 78 (서교동) 서교빌딩 1층,마포구,스타벅스,37.55142165,126.91693473718843
201,서강대,서울특별시 마포구 백범로 23 (신수동),마포구,스타벅스,37.55217,126.93738
202,상암MBC,서울특별시 마포구 성암로 267 (상암동),마포구,스타벅스,37.581274300000004,126.89113231352732
203,홍대역,"서울특별시 마포구 양화로 165, 상진빌딩 1층 (동교동)",마포구,스타벅스,,
204,동교,"서울특별시 마포구 월드컵북로 22, 영준빌딩 1층 (동교동)",마포구,스타벅스,,
205,애오개역,"서울특별시 마포구 마포대로 201, 마포트라팰리스II (아현동)",마포구,스타벅스,,
206,상암DMC,"서울특별시 마포구 월드컵북로 375, DMC이안오피스텔1단지 102호,202호 (상암동)",마포구,스타벅스,,
207,마포일진빌딩,"서울특별시 마포구 마포대로 45, 일진빌딩 1층 (도화동)",마포구,스타벅스,,
208,마포아크로,서울특별시 마포구 마포대로 68 (도화동) 마포아크로타워,마포구,스타벅스,37.5413754,126.9490269
209,홍대삼거리,서울특별시 마포구 와우산로 64 (상수동),마포구,스타벅스,37.549712,126.9239573
210,망원역,서울특별시 마포구 월드컵로 74 (서교동),마포구,스타벅스,37.5558081,126.9106433
211,마포이마트,서울특별시 마포구 백범로 212 (신공덕동) 마포이마트,마포구,스타벅스,37.55217,126.93738
212,합정메세나몰,"서울특별시 마포구 양화로 45 (서교동, 메세나폴리스)",마포구,스타벅스,37.5502395,126.9139625
213,홍대역8번출구,서울특별시 마포구 양화로 166 (동교동),마포구,스타벅스,37.556728,126.92418334999999
214,망원한강공원,서울특별시 마포구 마포나루길 435 (망원동),마포구,스타벅스,,
215,가재울뉴타운,"서울특별시 서대문구 가재울미래로 2 (남가좌동, DMC파크뷰자이)",서대문구,스타벅스,37.5722359,126.9145218
216,남가좌사거리,"서울특별시 서대문구 거북골로 84 (남가좌동, DMC에코자이104동)",서대문구,스타벅스,37.5752246,126.9160865
217,신촌역,서울특별시 서대문구 신촌로 73 (창천동),서대문구,스타벅스,37.5571508,126.9509546
218,연희동,서울특별시 서대문구 연희로 97 (연희동),서대문구,스타벅스,37.558745,126.9268426
219,아현역,"서울특별시 서대문구 신촌로35길 10 (북아현동, E편한세상신촌 4단지)",서대문구,스타벅스,37.558287,126.9555071
220,홍제역,서울특별시 서대문구 통일로 451 (홍제동),서대문구,스타벅스,37.5718039,126.9607046
221,연세백양로,서울특별시 서대문구 연세로 50 (신촌동) 연세대학교,서대문구,스타벅스,37.56777675,126.93939790990834
222,연희DT,서울특별시 서대문구 연희로 144 (연희동),서대문구,스타벅스,37.558745,126.9268426
223,경기대,서울특별시 서대문구 충정로 53 (충정로2가),서대문구,스타벅스,37.5650333,126.9659101
224,신촌,서울특별시 서대문구 연세로 10-1 (창천동),서대문구,스타벅스,37.5572641,126.936889
225,이대R,서울특별시 서대문구 이화여대길 34 (대현동),서대문구,스타벅스,37.5591281,126.9429083
226,연세종합관,"서울특별시 서대문구 연세로 50, 연세세브란스 종합관 (신촌동)",서대문구,스타벅스,,
227,이대ECC,서울특별시 서대문구 이화여대길 52 (대현동) 이화여자대학교 B415호,서대문구,스타벅스,37.5643371,126.94689253689391
228,연대,서울특별시 서대문구 연세로 35 (창천동),서대문구,스타벅스,37.5572641,126.936889
229,신촌아트레온,서울특별시 서대문구 신촌로 129 (창천동),서대문구,스타벅스,37.5571508,126.9509546
230,충정로역,서울특별시 서대문구 충정로 23,서대문구,스타벅스,37.5650333,126.9659101
231,연대동문,서울특별시 서대문구 성산로 565 (대신동),서대문구,스타벅스,37.5654163,126.9282053
232,신촌명물거리,"서울특별시 서대문구 명물길 24, 1-5층 (창천동)",서대문구,스타벅스,,
233,충정타워,"서울특별시 서대문구 서소문로 21, 충정타워빌딩 1층 (충정로3가)",서대문구,스타벅스,,
234,현대신촌,서울특별시 서대문구 신촌로 83 (창천동),서대문구,스타벅스,37.5571508,126.9509546
235,방배로,서울특별시 서초구 방배로 52 (방배동),서초구,스타벅스,37.4961653,126.9883078
236,강남교보타워R,서울특별시 서초구 강남대로 465 (서초동),서초구,스타벅스,37.503955149999996,127.02404141128827
237,방배다이치빌딩,서울특별시 서초구 방배로 114 (방배동),서초구,스타벅스,37.4961653,126.9883078
238,센트럴F1,서울특별시 서초구 신반포로 176 (반포동),서초구,스타벅스,37.505006449999996,127.00423548927489
239,서초역이화빌딩,서울특별시 서초구 반포대로21길 3 (서초동),서초구,스타벅스,37.4870199,127.0082034
240,서초구청,서울특별시 서초구 남부순환로 2557 (서초동),서초구,스타벅스,37.4737586,126.9981626
241,서초우성사거리,서울특별시 서초구 강남대로 343 (서초동),서초구,스타벅스,37.4935291,127.0292808
242,이수역사거리,"서울특별시 서초구 서초대로 3-4 (방배동, 방배디오슈페리움1)",서초구,스타벅스,37.4953126,127.0190518
243,강남대로신사,서울특별시 서초구 강남대로 595 (잠원동),서초구,스타벅스,37.479896,127.0383138
244,서울고속터미널,서울특별시 서초구 신반포로 194 (반포동),서초구,스타벅스,37.5105046,127.0191612
245,강남대로논현R,서울특별시 서초구 강남대로85길 5 (반포동),서초구,스타벅스,37.5074187,127.0221136
246,방배,서울특별시 서초구 방배로 211,서초구,스타벅스,37.4961653,126.9883078
247,방배카페거리,서울특별시 서초구 방배중앙로 162 (방배동),서초구,스타벅스,37.490216,126.9872627
248,서초법원,서울특별시 서초구 서초대로 274 (서초동),서초구,스타벅스,37.4953126,127.0190518
249,청계산입구역,서울특별시 서초구 청계산로 203 (신원동),서초구,스타벅스,37.4614736,127.0460852
250,사당로데오,서울특별시 서초구 방배천로 5-4(방배동),서초구,스타벅스,37.4782832,126.9827047
251,파미에파크R,서울특별시 서초구 사평대로 205 (반포동) CENTRALCITY,서초구,스타벅스,37.503487,127.0212636
252,교대역,서울특별시 서초구 서초중앙로 138 (서초동) 우림빌딩,서초구,스타벅스,37.5031307,127.0112106
253,양재역,서울특별시 서초구 강남대로 202 (양재동) 모산빌딩,서초구,스타벅스,37.479896,127.0383138
254,논현역,서울특별시 서초구 강남대로 557 (잠원동) 1~2층,서초구,스타벅스,37.479896,127.0383138
255,이수역,서울특별시 서초구 동작대로 112 (방배동),서초구,스타벅스,37.5045613,126.9803781
256,내방역,서울특별시 서초구 방배로 184 (방배동) 대풍빌딩,서초구,스타벅스,37.4961653,126.9883078
257,서초파라곤,서울특별시 서초구 서초대로74길 29 (서초동) 서초파라곤,서초구,스타벅스,37.4965633,127.0262825
258,서울아트센터,서울특별시 서초구 남부순환로 2395 (서초동) 호경빌딩,서초구,스타벅스,37.4737586,126.9981626
259,서초중앙로,서울특별시 서초구 서초중앙로 225,서초구,스타벅스,37.5031307,127.0112106
260,센트럴시티,서울특별시 서초구 신반포로 176 (반포동),서초구,스타벅스,37.505006449999996,127.00423548927489
261,강남삼성타운,서울특별시 서초구 서초대로78길 24 (서초동),서초구,스타벅스,37.4961026,127.027701
262,방배역,서울특별시 서초구 방배로 84 (방배동),서초구,스타벅스,37.4961653,126.9883078
263,반포역,서울특별시 서초구 신반포로 257 (잠원동) 신반포11차상가,서초구,스타벅스,37.5105046,127.0191612
264,남부터미널,"서울특별시 서초구 서초중앙로 26, 래미안서초유니빌 1층 101호 (서초동)",서초구,스타벅스,,
265,뉴코아강남,서울특별시 서초구 잠원로 69 (잠원동) 킴스클럽,서초구,스타벅스,37.5073852,127.0089812
266,강남2,"서울특별시 서초구 서초대로77길 27, 유빌딩 1,2층 (서초동)",서초구,스타벅스,,
267,교대,서울특별시 서초구 서초중앙로 118 (서초동),서초구,스타벅스,37.5031307,127.0112106
268,하이브랜드,"서울특별시 서초구 매헌로 16, 리빙관 101호 (양재동)",서초구,스타벅스,,
269,신논현역,서울특별시 서초구 강남대로 483 (반포동) 청호빌딩,서초구,스타벅스,37.479896,127.0383138
270,영동2교,"서울특별시 서초구 논현로 139, 대흥빌딩 (양재동)",서초구,스타벅스,,
271,남부터미널2,서울특별시 서초구 효령로 274 (서초동),서초구,스타벅스,37.484077,127.0114198
272,서래마을입구,서울특별시 서초구 서래로 48 (반포동),서초구,스타벅스,37.49739,126.99831
273,몬테소리,서울특별시 서초구 강남대로 399 (서초동),서초구,스타벅스,37.498235199999996,127.02682069324946
274,서초역,서울특별시 서초구 반포대로 118 (서초동),서초구,스타벅스,37.5023222,127.003268
275,교대법원,서울특별시 서초구 서초중앙로 164 (서초동),서초구,스타벅스,37.5031307,127.0112106
276,강남GT타워,"서울특별시 서초구 서초대로 411, GT타워 (서초동)",서초구,스타벅스,37.4980633,127.02594424057872
277,서초동,"서울특별시 서초구 남부순환로339길 64, 현우빌딩 1층 (서초동)",서초구,스타벅스,,
278,서울교대,"서울특별시 서초구 서초중앙로 64, 1층 (서초동)",서초구,스타벅스,,
279,강남에비뉴,"서울특별시 서초구 서초대로77길 62, 강남역아이파크 B102~B105 (서초동)",서초구,스타벅스,,
280,반포자이,서울특별시 서초구 잠원로 24 (반포동),서초구,스타벅스,37.507128249999994,127.00988270468517
281,서이초교사거리,서울특별시 서초구 사임당로 143 (서초동),서초구,스타벅스,37.4878003,127.0127345
282,서울웨이브아트센터,서울특별시 서초구 잠원로 145-35 (잠원동),서초구,스타벅스,37.5205209,127.0154916
283,길음역,서울특별시 성북구 정릉로 376 (돈암동),성북구,스타벅스,37.6092586,126.9974291
284,미아이마트,서울특별시 성북구 도봉로 17 (길음동),성북구,스타벅스,37.6107692,127.030287
285,종암DT,서울특별시 성북구 종암로 17 (종암동),성북구,스타벅스,37.6031541,127.0322776
286,미아,서울특별시 성북구 동소문로 314 (하월곡동),성북구,스타벅스,37.5926127,127.0161248
287,성신여대정문,서울특별시 성북구 보문로34길 62 (동선동2가),성북구,스타벅스,37.5900885,127.0159785
288,종암,서울특별시 성북구 종암로 122 (종암동),성북구,스타벅스,37.6012013,127.0339547
289,삼선교,서울특별시 성북구 동소문로 10 (동소문동2가),성북구,스타벅스,37.5887327,127.0073324
290,월곡역,"서울특별시 성북구 화랑로 76, 101-1호 (하월곡동)",성북구,스타벅스,,
291,고대,서울특별시 성북구 고려대로24길 51 (안암동5가),성북구,스타벅스,37.5838487,127.0295572
292,현대미아,서울특별시 성북구 동소문로 315 (길음동) 지하1층,성북구,스타벅스,37.5926127,127.0161248
293,성신여대,서울특별시 성북구 동소문로24길 12 (동선동1가),성북구,스타벅스,37.5930171,127.018794
294,안암역,서울특별시 성북구 고려대로 102-2 (안암동5가),성북구,스타벅스,37.5862314,127.0272686
295,한성대입구역,서울특별시 성북구 성북로 11 (성북동1가),성북구,스타벅스,37.594397,126.9925213
296,장위뉴타운,서울특별시 성북구 장월로38길 4 (장위동),성북구,스타벅스,37.6172814,127.0525888
297,송파나루역DT,서울특별시 송파구 오금로 142 (송파동),송파구,스타벅스,37.5112471,127.1098477
298,송파헬리오시티,"서울특별시 송파구 송파대로 345 (가락동, 헬리오시티)",송파구,스타벅스,37.4980968,127.1037991
299,잠실시그마타워,서울특별시 송파구 올림픽로 289 (신천동),송파구,스타벅스,37.514709,127.1041987
300,문정법원로R,서울특별시 송파구 송파대로 201 (문정동),송파구,스타벅스,37.4874239,127.1193809
301,송파개롱역,서울특별시 송파구 오금로 420 (가락동),송파구,스타벅스,37.5112471,127.1098477
302,문정하비오,"서울특별시 송파구 송파대로 111 (문정동, 파크하비오) 204동 104호~107호",송파구,스타벅스,37.4821235,127.1238883
303,문정역,"서울특별시 송파구 송파대로 167 (문정동)테라타워 B동 137호~139호,204호",송파구,스타벅스,37.4852945,127.1221507
304,잠실대교남단R,서울특별시 송파구 송파대로 570 타워 730 1층,송파구,스타벅스,,
305,송파위례,"서울특별시 송파구 위례광장로 230 (장지동, 위례2차아이파크)",송파구,스타벅스,37.4742312,127.1434465
306,송파방이DT,서울특별시 송파구 오금로 241 (방이동),송파구,스타벅스,37.5112471,127.1098477
307,송파구청,서울특별시 송파구 오금로 87 (방이동),송파구,스타벅스,37.5112471,127.1098477
308,올림픽평화의문,서울특별시 송파구 위례성대로 38 (방이동) 해태그린피아빌라트,송파구,스타벅스,37.514132,127.1222853
309,송파아이파크,서울특별시 송파구 법원로 55 (문정동),송파구,스타벅스,37.4797654,127.122408
310,송파사거리,서울특별시 송파구 송파대로 386 (송파동),송파구,스타벅스,37.5075533,127.105217
311,석촌서호,서울특별시 송파구 석촌호수로 176 (삼전동),송파구,스타벅스,37.5080571,127.1029546
312,문정로데오,서울특별시 송파구 동남로 141 (가락동),송파구,스타벅스,37.4918211,127.126277
313,올림픽훼미리,서울특별시 송파구 중대로 68 (문정동),송파구,스타벅스,37.4916271,127.1165168
314,올림픽공원남문,서울특별시 송파구 위례성대로 102 (방이동),송파구,스타벅스,37.5073127,127.1387447
315,방이역,"서울특별시 송파구 마천로 53, 1~2층 (오금동)",송파구,스타벅스,,
316,석촌호수,서울특별시 송파구 석촌호수로 262 (송파동),송파구,스타벅스,37.5080571,127.1029546
317,잠실푸르지오월드,"서울특별시 송파구 올림픽로35가길 9, 잠실푸르지오월드마크 1층 (신천동)",송파구,스타벅스,,
318,잠실새내역,서울특별시 송파구 올림픽로 96 (잠실동),송파구,스타벅스,37.514709,127.1041987
319,잠실역,"서울특별시 송파구 송파대로 562 (신천동, 웰리스타워,삼성웰리스아파트) 1층,2층",송파구,스타벅스,37.5075533,127.105217
320,갤러리아팰리스,"서울특별시 송파구 올림픽로 212, 갤러리아 팰리스 (잠실동)",송파구,스타벅스,,
321,아시아선수촌,서울특별시 송파구 백제고분로 69 (잠실동),송파구,스타벅스,37.5093859,127.0790844
322,올림픽아파트,서울특별시 송파구 양재대로 1222 (방이동),송파구,스타벅스,37.515800150000004,127.1314447768413
323,가락본동,서울특별시 송파구 송파대로30길 13 (가락동),송파구,스타벅스,37.4951276,127.1196398
324,석촌역,"서울특별시 송파구 백제고분로 358, 1층 (석촌동)",송파구,스타벅스,,
325,가락시장역,"서울특별시 송파구 중대로 121, 롯데캐슬 파인힐 1층 (가락동)",송파구,스타벅스,,
326,가든파이브,서울특별시 송파구 충민로 10 (문정동) 가든파이브툴,송파구,스타벅스,37.4781296,127.1195944
327,송파NC,서울특별시 송파구 충민로 66 (문정동)  가든파이브라이프 패션관1층,송파구,스타벅스,37.4775778,127.1249983
328,몽촌토성역,서울특별시 송파구 위례성대로 6 (방이동),송파구,스타벅스,37.5113449,127.1287922
329,송파KT,"서울특별시 송파구 잠실로 209 (신천동), 오피스빌딩 1층 2~4호",송파구,스타벅스,37.5116553,127.0926156
330,송파마천사거리DT,서울특별시 송파구 거마로 78 (마천동),송파구,스타벅스,37.5026746,127.1492978
331,목동파리공원,서울특별시 양천구 목동동로 377 (목동),양천구,스타벅스,37.528537,126.87645
332,등촌역,서울특별시 양천구 공항대로 566 (목동) 1층 2층,양천구,스타벅스,37.54894825,126.86809923992759
333,목동행복한,서울특별시 양천구 목동동로 309 (목동),양천구,스타벅스,37.528537,126.87645
334,신정DT,서울특별시 양천구 신월로 341 (신정동),양천구,스타벅스,37.5169758,126.8391531
335,목동역,서울특별시 양천구 목동로 203 (신정동) 1층일부,양천구,스타벅스,37.5277099,126.8642241
336,목동오목로,"서울특별시 양천구 오목로 279 (목동) 102,103,104,105호",양천구,스타벅스,37.5256204,126.8678494
337,목동8단지,서울특별시 양천구 목동서로 299 (신정동),양천구,스타벅스,37.5284314,126.8703816
338,오목교역,서울특별시 양천구 오목로 354 (목동),양천구,스타벅스,37.5256204,126.8678494
339,신월IC DT,서울특별시 양천구 남부순환로 430 (신월동),양천구,스타벅스,37.5016637,126.8464654
340,목동7단지,서울특별시 양천구 목동서로 213 (목동) 세신비젼프라자,양천구,스타벅스,37.5284314,126.8703816
341,목동5단지,"서울특별시 양천구 목동동로 411, 1동 116호(목동, 부영그린타운3차)",양천구,스타벅스,,
342,목동,서울특별시 양천구 목동서로 67 (목동) 우성에펠타운,양천구,스타벅스,37.5364219,126.87858812549808
343,현대목동,"서울특별시 양천구 목동동로 257 (목동, 현대하이페리온) 지하2층",양천구,스타벅스,37.526520000000005,126.8752476
344,목동파라곤,"서울특별시 양천구 목동서로 155, 목동파라곤 1층 (목동)",양천구,스타벅스,,
345,목동트라팰리스,서울특별시 양천구 오목로 299 (목동),양천구,스타벅스,37.5256204,126.8678494
346,목동10단지,"서울특별시 양천구 목동서로 401 (신정동, 대림아크로빌), 상가A동 101,101-1호",양천구,스타벅스,37.5284314,126.8703816
347,신월동DT,서울특별시 양천구 남부순환로 319 (신월동),양천구,스타벅스,37.5016637,126.8464654
348,타임스퀘어R,서울특별시 영등포구 영중로 15 지하 1층 (영등포동4가),영등포구,스타벅스,,
349,샛강역,서울특별시 영등포구 여의대방로 376 (여의도동),영등포구,스타벅스,37.5110319,126.9247355
350,영등포역,서울특별시 영등포구 경인로 870 (영등포동1가),영등포구,스타벅스,37.5211643,126.9168781
351,당산대로,서울특별시 영등포구 양평로 22 (당산동6가),영등포구,스타벅스,37.5366186,126.8964835
352,여의도IFC몰(L1)R,서울특별시 영등포구 국제금융로 10 (여의도동)  지하1층 178호,영등포구,스타벅스,37.52538915,126.92663352616975
353,여의도KBS R,서울특별시 영등포구 의사당대로 26 (여의도동),영등포구,스타벅스,37.5240804,126.9221394
354,여의도화재보험,서울특별시 영등포구 국제금융로6길 38 (여의도동),영등포구,스타벅스,37.5218503,126.9275174
355,국회대로,서울특별시 영등포구 국회대로 786 (여의도동),영등포구,스타벅스,37.5301414,126.8916263
356,영등포KT,서울특별시 영등포구 영중로 119 (영등포동8가),영등포구,스타벅스,37.5167442,126.9065388
357,여의도공원R,서울특별시 영등포구 여의공원로 101 (여의도동),영등포구,스타벅스,37.5280541,126.9243026367615
358,국회의사당역,서울특별시 영등포구 의사당대로 8 (여의도동),영등포구,스타벅스,37.5228012,126.9230723
359,선유도역,서울특별시 영등포구 양평로 115 (양평동4가),영등포구,스타벅스,37.5366186,126.8964835
360,여의도역R,서울특별시 영등포구 의사당대로 83 (여의도동) 1층,영등포구,스타벅스,37.5240804,126.9221394
361,선유동이레빌딩,서울특별시 영등포구 선유동2로 57 (양평제1동) 이레빌딩,영등포구,스타벅스,37.5335914,126.8975897
362,동여의도,서울특별시 영등포구 국제금융로 86 (여의도동) 롯데캐슬 아이비,영등포구,스타벅스,37.5209047,126.9318294
363,여의도ABL타워,서울특별시 영등포구 의사당대로 147 (여의도동) 알리안츠타워,영등포구,스타벅스,37.5240804,126.9221394
364,영등포신길,"서울특별시 영등포구 신길로 137 (신길동) 1,2층",영등포구,스타벅스,37.5045942,126.91002563661435
365,문래역,서울특별시 영등포구 당산로 34 (문래동3가),영등포구,스타벅스,37.5320286,126.9003117
366,당산,서울특별시 영등포구 양평로 64 (당산동6가),영등포구,스타벅스,37.5366186,126.8964835
367,여의도한양증권,서울특별시 영등포구 국제금융로6길 7 (여의도동) 한양증권,영등포구,스타벅스,37.5218503,126.9275174
368,여의도일신,서울특별시 영등포구 은행로 11 (여의도동) 1층 1부,영등포구,스타벅스,37.5307854,126.925528
369,신세계타임스퀘어B2,"서울특별시 영등포구 영중로 9, 신세계타임스퀘어점 리빙관 지하2층 (영등포동4가)",영등포구,스타벅스,,
370,하이테크시티,서울특별시 영등포구 경인로 775 (문래동3가) 에이스하이테크시티,영등포구,스타벅스,37.5211643,126.9168781
371,여의도,서울특별시 영등포구 국제금융로2길 28 (여의도동),영등포구,스타벅스,37.5240224,126.925446
372,롯데캐슬여의도,"서울특별시 영등포구 의사당대로 127 (여의도동, 롯데캐슬엠파이어) 1층 104호",영등포구,스타벅스,37.5200311,126.92657152745399
373,문래동,"서울특별시 영등포구 선유로 64, 대창타운빌 1층 (문래동3가)",영등포구,스타벅스,,
374,신세계타임스퀘어1F,"서울특별시 영등포구 영중로 9, 신세계백화점 리빙관 1층 (영등포동4가)",영등포구,스타벅스,,
375,여의도호성,"서울특별시 영등포구 여의대방로65길 24, 호성빌딩 1층 (여의도동)",영등포구,스타벅스,,
376,타임스퀘어B2,"서울특별시 영등포구 영중로 15, 지하2층 (영등포동4가)",영등포구,스타벅스,,
377,영등포본동,서울특별시 영등포구 영등포로 254 (영등포동3가),영등포구,스타벅스,37.5184309,126.9126393
378,타임스퀘어2F,서울특별시 영등포구 영중로 15 지상2층 (영등포동4가),영등포구,스타벅스,,
379,여의도의사당,"서울특별시 영등포구 국회대로74길 12, 남중빌딩 1층 (여의도동)",영등포구,스타벅스,,
380,여의도IFC(1F),서울특별시 영등포구 국제금융로 10 (여의도동),영등포구,스타벅스,37.52538915,126.92663352616975
381,여의도신한금융투자타워,서울특별시 영등포구 여의대로 70 (여의도동),영등포구,스타벅스,37.5244721,126.9218883
382,선유도역 1번출구,서울특별시 영등포구 양평로 128 (양평동5가)양평로 128,영등포구,스타벅스,37.5366186,126.8964835
383,영등포구청역,서울특별시 영등포구 국회대로 558 ,영등포구,스타벅스,37.5301414,126.8916263
384,서울양평역,"서울특별시 영등포구 선유서로24길 6 (양평동1가, 영등포 중흥 S-CLASS)",영등포구,스타벅스,37.5236635,126.8874616
385,영등포시장교차로,서울특별시 영등포구 영중로 45 (영등포동6가),영등포구,스타벅스,37.5167442,126.9065388
386,더현대서울(B2)R,서울특별시 영등포구 여의대로 108 (여의도동),영등포구,스타벅스,37.526659949999996,126.92720561670195
387,당산역사거리,서울특별시 영등포구 양평로 47 (당산동5가),영등포구,스타벅스,37.5366186,126.8964835
388,불광역,서울특별시 은평구 통일로 715 (대조동),은평구,스타벅스,37.6227948,126.9198167
389,구파발사거리,서울특별시 은평구 진관3로 21 은평엘크루 101동 105-108호,은평구,스타벅스,,
390,연신내역사거리,서울특별시 은평구 통일로 842 (불광동),은평구,스타벅스,37.6227948,126.9198167
391,연신내,서울특별시 은평구 통일로 867 (갈현동),은평구,스타벅스,37.6227948,126.9198167
392,구파발역,서울특별시 은평구 진관2로 12,은평구,스타벅스,37.63438,126.9187833
393,은평구청입구,서울특별시 은평구 은평로 170 (응암동),은평구,스타벅스,37.6011049,126.9264727
394,은평이마트,서울특별시 은평구 은평로 111 (응암동),은평구,스타벅스,37.6003292,126.92022829345238
395,구산역,서울특별시 은평구 연서로 146 (대조동),은평구,스타벅스,37.6094,126.9162
396,연합뉴스,서울특별시 종로구 율곡로2길 25 (수송동),종로구,스타벅스,37.5751512,126.9805493
397,혜화역,서울특별시 종로구 대학로12길 4 (동숭동)1~2층,종로구,스타벅스,37.5808672,127.003829
398,경희궁로,서울특별시 종로구 새문안로3길 15 (당주동),종로구,스타벅스,37.5731009,126.9726539
399,강북삼성병원,서울특별시 종로구 새문안로 29 (평동),종로구,스타벅스,37.568617849999995,126.96794589595588
400,종로평창동,서울특별시 종로구 평창12길 3 (평창동),종로구,스타벅스,37.6067214,126.9670761
401,광화문우체국,서울특별시 종로구 종로 6 (서린동),종로구,스타벅스,37.5698332,126.9780215
402,더종로R,서울특별시 종로구 종로 51 (종로2가),종로구,스타벅스,37.5707012,126.98356491452141
403,독립문역,서울특별시 종로구 송월길 155 경희궁자이 4단지 1층 팰리스애비뉴 4114~4119호,종로구,스타벅스,,
404,정부서울청사R,서울특별시 종로구 새문안로5가길 28 (적선동),종로구,스타벅스,37.5743099,126.97294077477906
405,동묘앞역,"서울특별시 종로구 종로 344 (숭인동, 대우디오빌) 101호 일부, 201호 일부",종로구,스타벅스,37.5704095,126.9926512
406,종로구청,서울특별시 종로구 삼봉로 71 (수송동),종로구,스타벅스,37.57261775,126.98113615
407,북촌로,서울특별시 종로구 북촌로4길 23 (계동),종로구,스타벅스,37.5793892,126.9863284
408,종로수송,서울특별시 종로구 종로5길 30 (청진동) 1~3층,종로구,스타벅스,37.57163845,126.98066806731367
409,새문안로,서울특별시 종로구 새문안로 92 (신문로1가) 광화문오피시아빌딩,종로구,스타벅스,37.5701974,126.9738621
410,안국,서울특별시 종로구 북촌로 5-1 (재동),종로구,스타벅스,37.5832957,126.9850879
411,삼청동,서울특별시 종로구 삼청로 111-1 (삼청동),종로구,스타벅스,37.585359100000005,126.98182730834799
412,광화문D타워,서울특별시 종로구 종로3길 17 (청진동) D타워,종로구,스타벅스,37.5714099,126.9790493
413,적선,"서울특별시 종로구 새문안로5길 55, 노스게이트빌딩 1층 (적선동)",종로구,스타벅스,,
414,인사,서울특별시 종로구 인사동길 14 (인사동),종로구,스타벅스,37.572318499999994,126.98698106963161
415,광화문R,서울특별시 종로구 세종대로 167 (세종로),종로구,스타벅스,37.571205,126.9762911
416,성대입구,서울특별시 종로구 창경궁로 235 (명륜3가),종로구,스타벅스,37.5707237,126.9977713
417,스페이스본,서울특별시 종로구 사직로8길 4 (사직동) 광화문 풍림스페이스본,종로구,스타벅스,37.5744515,126.9688493
418,주얼리시티,서울특별시 종로구 종로 183 (인의동) 효성주얼리시티,종로구,스타벅스,37.5704095,126.9926512
419,종각,서울특별시 종로구 종로 64 (종로2가),종로구,스타벅스,37.5701335,126.985747
420,동숭로아트,서울특별시 종로구 동숭길 110 (동숭동),종로구,스타벅스,37.5814585,127.0041529
421,종로관철,"서울특별시 종로구 종로12길 21, 2층 (관철동)",종로구,스타벅스,,
422,경복궁역,"서울특별시 종로구 자하문로4길 6, 1층 (통의동)",종로구,스타벅스,,
423,이마빌딩,서울특별시 종로구 종로1길 42 (수송동),종로구,스타벅스,37.57388385,126.9789907000422
424,마로니에공원,"서울특별시 종로구 대학로 116, 1-2층 (동숭동)",종로구,스타벅스,,
425,종로3가,"서울특별시 종로구 종로 113-1, 1-4층 (종로3가)",종로구,스타벅스,,
426,대학로,"서울특별시 종로구 대학로 57, 홍익대학교 대학로캠퍼스 內 (연건동)",종로구,스타벅스,,
427,경복궁사거리,"서울특별시 종로구 율곡로 6, B동 101호(중학동, 트윈트리타워)",종로구,스타벅스,,
428,종로관수,서울특별시 종로구 삼일대로20길 13 (관수동),종로구,스타벅스,37.5694756,126.9885482
429,정동,서울특별시 종로구 새문안로 42 (신문로2가),종로구,스타벅스,37.5701974,126.9738621
430,종로플레이스,서울특별시 종로구 창경궁로 120 (인의동),종로구,스타벅스,37.5707237,126.9977713
431,강북삼성병원1층,서울특별시 종로구 새문안로 29 (평동),종로구,스타벅스,37.568617849999995,126.96794589595588
432,동숭길입구,서울특별시 종로구 대학로 146 (혜화동),종로구,스타벅스,37.5842131,127.0019032
433,서울대치과병원,서울특별시 종로구 대학로 101 서울대학교 치과병원 신관1층,종로구,스타벅스,,
434,서대문역,서울특별시 종로구 통일로 134 (평동),종로구,스타벅스,37.566415,126.9660112
435,숭례문북창,서울특별시 중구 세종대로12길 12 (남대문로4가),중구,스타벅스,37.5618033,126.9774493
436,을지로4가역,서울특별시 중구 을지로 170 (을지로4가),중구,스타벅스,37.5666781,127.0003104
437,동대문두타,서울특별시 중구 장충단로 275 (을지로6가),중구,스타벅스,37.56866205,127.00871843983305
438,대한상공회의소R,서울특별시 중구 세종대로 39 (남대문로4가) 1층,중구,스타벅스,37.5606791,126.9753714
439,국립중앙의료원,서울특별시 중구 을지로 251 (을지로6가),중구,스타벅스,37.5666781,127.0003104
440,동국대,서울특별시 중구 서애로 1길 11,중구,스타벅스,,
441,신세계본점5F,서울특별시 중구 소공로 63 (충무로1가),중구,스타벅스,37.560486,126.9810507
442,을지로내외빌딩R,서울특별시 중구 을지로 51 (을지로2가),중구,스타벅스,37.5666781,127.0003104
443,대우재단빌딩,서울특별시 중구 퇴계로 18 (남대문로5가),중구,스타벅스,37.561952,126.9976443
444,동대문공원,서울특별시 중구 장충단로 229 (광희동1가),중구,스타벅스,37.5696179,127.0097763
445,을지로국제빌딩,서울특별시 중구 남대문로 109 (다동),중구,스타벅스,37.5614271,126.9801824
446,동대입구역,서울특별시 중구 장충단로 166 (장충동1가),중구,스타벅스,37.5696179,127.0097763
447,신당역사거리,서울특별시 중구 다산로 258 (흥인동),중구,스타벅스,37.567665,127.0160853
448,연세세브란스,서울특별시 중구 통일로 10 (남대문로5가),중구,스타벅스,37.5655359,126.9670292
449,회현역,서울특별시 중구 퇴계로 72 (회현동) 리더스뷰남산,중구,스타벅스,37.5608811,126.9950829
450,을지로경기빌딩,서울특별시 중구 남대문로10길 9 (삼각동) 경기빌딩,중구,스타벅스,37.5679769,126.9857576
451,을지로2가,서울특별시 중구 삼일대로 358 (을지로2가),중구,스타벅스,37.5664753,126.9879975
452,신세계본점6F,서울특별시 중구 퇴계로 77 (충무로1가),중구,스타벅스,37.5569815,126.9726925
453,서울중앙우체국,서울특별시 중구 소공로 70 (충무로 1가) 서울 중앙 우체국,중구,스타벅스,37.56161555,126.98215850934079
454,한국프레스센터,서울특별시 중구 세종대로 124 (태평로1가),중구,스타벅스,37.5606791,126.9753714
455,명동중앙로,서울특별시 중구 명동길 60 (명동 2가),중구,스타벅스,37.5638495,126.9851142
456,약수역,서울특별시 중구 다산로 129 (신당동),중구,스타벅스,37.555337,127.0107752
457,중구저동,서울특별시 중구 수표로 34 (저동2가),중구,스타벅스,37.5639889,126.9901567
458,명동길,서울특별시 중구 명동10길 41,중구,스타벅스,37.5629055,126.9853949
459,서소문로,서울특별시 중구 서소문로 120 (서소문동) 대한빌딩,중구,스타벅스,37.5639217,126.9765271
460,신당역,"서울특별시 중구 퇴계로 385, 1층 (흥인동)",중구,스타벅스,,
461,명동메트로,서울특별시 중구 명동9가길 14 (을지로1가) 메트로호텔,중구,스타벅스,37.5649181,126.9834904
462,숭례문,"서울특별시 중구 세종대로 17, 와이즈타워 1층 (남대문로5가)",중구,스타벅스,,
463,순화동더샵,"서울특별시 중구 칠패로 27, 1층 (순화동)",중구,스타벅스,,
464,대한극장,"서울특별시 중구 퇴계로 212 (필동2가) 1,2층",중구,스타벅스,37.5610171,126.99533341918058
465,환구단,서울특별시 중구 소공로 112 (소공동),중구,스타벅스,37.5567751,126.9830055
466,무교동,서울특별시 중구 무교로 21 (무교동) 코오롱빌딩 1층,중구,스타벅스,37.5675475,126.9791037
467,문화일보,서울특별시 중구 새문안로 22 (충정로1가) 문화일보,중구,스타벅스,37.5661569,126.9671166
468,태평로,"서울특별시 중구 세종대로 72, 대영빌딩 1층 (태평로2가)",중구,스타벅스,,
469,퍼시픽타워,"서울특별시 중구 세종대로9길 41, 퍼시픽타워 1층 (서소문동)",중구,스타벅스,,
470,남산단암,"서울특별시 중구 소월로 10, 단암빌딩 (남대문로5가)",중구,스타벅스,,
471,황학캐슬,서울특별시 중구 청계천로 400 (황학동) 롯데캐슬베네치아,중구,스타벅스,37.571123,127.02223014328246
472,을지로삼화타워,서울특별시 중구 을지로5길 16 (을지로2가) 1층,중구,스타벅스,37.5667526,126.9844846
473,소공로,"서울특별시 중구 남대문로7길 19, 삼영빌딩 1층 일부 (소공동)",중구,스타벅스,,
474,서소문배재,서울특별시 중구 서소문로 99 (서소문동),중구,스타벅스,37.5639217,126.9765271
475,을지로한국빌딩,"서울특별시 중구 을지로 50, 1층 (을지로 2가)",중구,스타벅스,,
476,KG타워,서울특별시 중구 통일로 92 (순화동) KG타워,중구,스타벅스,37.5655359,126.9670292
477,시청,"서울특별시 중구 을지로 19, 삼성화재삼성빌딩 1층 (을지로1가)",중구,스타벅스,,
478,시청플러스,"서울특별시 중구 을지로 19, 삼성화재삼성빌딩 1층 (을지로1가)",중구,스타벅스,,
479,충무로역,"서울특별시 중구 퇴계로 197, 충무빌딩 1층 (필동 2가)",중구,스타벅스,,
480,명동역,"서울특별시 중구 퇴계로 101, 건물 전체 (충무로 1가)",중구,스타벅스,,
481,명동입구,서울특별시 중구 남대문로 68-1 (명동2가),중구,스타벅스,37.5614271,126.9801824
482,무교로,서울특별시 중구 무교로 15 (무교동),중구,스타벅스,37.5675475,126.9791037
483,숭례문SG타워,서울특별시 중구 세종대로 14 (남대문로5가),중구,스타벅스,37.5606791,126.9753714
484,레스케이프호텔R,서울특별시 중구 퇴계로 67 (회현동1가),중구,스타벅스,37.5569815,126.9726925
485,별다방,서울특별시 중구 퇴계로 100 (회현동2가),중구,스타벅스,37.5602936,126.982951
486,포포인츠명동,서울특별시 중구 삼일대로10길 36 (저동2가),중구,스타벅스,,
487,명동남산,서울특별시 중구 퇴계로 132 (남산동3가),중구,스타벅스,37.5569815,126.9726925
488,명일역,서울특별시 강동구 양재대로 1647 (명일동),강동구,스타벅스,37.5457779,127.1430009
489,강동구청DT,서울특별시 강동구 성내로 32 (성내동),강동구,스타벅스,37.52893,127.12503
490,강동암사DT,서울특별시 강동구 고덕로 43 (암사동),강동구,스타벅스,37.5546599,127.1501693
491,굽은다리역,"서울특별시 강동구 양재대로 1568 (명일동, 원일타워)",강동구,스타벅스,37.5457779,127.1430009
492,강동역,"서울특별시 강동구 천호대로 1089 (천호동, 강동 헤르셔)",강동구,스타벅스,37.5416513,127.1167334
493,둔촌동,서울특별시 강동구 양재대로 1303 (성내동) 평원빌딩,강동구,스타벅스,37.5457779,127.1430009
494,천호로데오,서울특별시 강동구 천호대로 1037 (천호동),강동구,스타벅스,37.5416513,127.1167334
495,천호이마트,서울특별시 강동구 천호대로 1015-14 (천호동) 이마트별관,강동구,스타벅스,37.5416513,127.1167334
496,길동역,서울특별시 강동구 양재대로 1487 (길동),강동구,스타벅스,37.5457779,127.1430009
497,상일동,"서울특별시 강동구 상일로10길 36, 1~2층 (상일동)",강동구,스타벅스,,
498,천호역,"서울특별시 강동구 천호대로 1012, 태승빌딩 (성내동)",강동구,스타벅스,,
499,명일이마트,서울특별시 강동구 동남로75길 5 (명일동) 명일이마트별관주차장,강동구,스타벅스,37.5541673,127.1562194
500,상일동역,"서울특별시 강동구 고덕로 399 (고덕동, 고덕센트럴푸르지오)",강동구,스타벅스,37.5546599,127.1501693
501,천호사거리,서울특별시 강동구 올림픽로 651 (천호동),강동구,스타벅스,37.5524266,127.1283801
502,올림픽공원북2문,서울특별시 강동구 강동대로 199 (성내동),강동구,스타벅스,37.52702,127.12138
503,천호대로길동,서울특별시 강동구 천호대로 1131 거산 유팰리스,강동구,스타벅스,,
504,신도림,서울특별시 구로구 경인로 610 (신도림동),구로구,스타벅스,37.4978622,126.852714
505,구로디지털타워,서울특별시 구로구 디지털로32길 30 (구로동),구로구,스타벅스,37.4839057,126.8968543
506,오류동역,서울특별시 구로구 경인로 216 (오류동),구로구,스타벅스,37.4978622,126.852714
507,구로디지털로,"서울특별시 구로구 디지털로33길 11, 에이스테크노8차 1층 (구로동)",구로구,스타벅스,,
508,드림마크원,"서울특별시 구로구 디지털로31길 61, 드림마크원데이터센타 1층 (구로동)",구로구,스타벅스,,
509,구로에이스,"서울특별시 구로구 디지털로 285, 에이스트윈타워1차 103호 (구로동)",구로구,스타벅스,,
510,구로하이엔드,"서울특별시 구로구 디지털로26길 5, 에이스하이엔드타워1차 103호 (구로동)",구로구,스타벅스,,
511,현대디큐브2F,서울특별시 구로구 경인로 662 (신도림동),구로구,스타벅스,37.4978622,126.852714
512,구로호텔,"서울특별시 구로구 디지털로32길 72, 구로호텔 1층 (구로동)",구로구,스타벅스,,
513,현대디큐브B2,서울특별시 구로구 경인로 662 (신도림동),구로구,스타벅스,37.4978622,126.852714
514,구로고척,서울특별시 구로구 경인로 387 (고척동),구로구,스타벅스,37.4978622,126.852714
515,구로NC,서울특별시 구로구 구로중앙로 152 (구로동) 구로NC,구로구,스타벅스,37.5030081,126.8798118
516,답십리역,서울특별시 동대문구 천호대로 263 (답십리동),동대문구,스타벅스,37.56172,127.0629
517,경희대삼거리,서울특별시 동대문구 회기로 141 (회기동),동대문구,스타벅스,37.5912463,127.0374592
518,외대정문,서울특별시 동대문구 이문로 93 (이문동),동대문구,스타벅스,37.60134,127.06205
519,신설동역,서울특별시 동대문구 왕산로 19 (신설동),동대문구,스타벅스,37.5757664,127.0234611
520,회기역사거리,서울특별시 동대문구 이문로 37 (회기동),동대문구,스타벅스,37.60134,127.06205
521,외대,서울특별시 동대문구 휘경로 12-1 (이문동),동대문구,스타벅스,37.5943159,127.0677672
522,장한평역,서울특별시 동대문구 장한로 10 (장안동),동대문구,스타벅스,37.5687297,127.0694493
523,경희대,서울특별시 동대문구 경희대로 16-1 (회기동),동대문구,스타벅스,37.592826200000005,127.05276446099592
524,청량리역사,서울특별시 동대문구 왕산로 214 (전농동),동대문구,스타벅스,37.5805961,127.0482573
525,서울숲역,서울특별시 성동구 왕십리로 50 (성수동1가) 1층,성동구,스타벅스,37.56477,127.02792
526,금호역,서울특별시 성동구 동호로 99 (금호동4가),성동구,스타벅스,37.5424653,127.016853
527,뚝섬역,서울특별시 성동구 아차산로 42 (성수동1가),성동구,스타벅스,37.5441973,127.0570919
528,황학사거리,"서울특별시 성동구 왕십리로 410 (하왕십리동, 센트라스)",성동구,스타벅스,37.56477,127.02792
529,성수역,서울특별시 성동구 성수이로 94 (성수동2가),성동구,스타벅스,37.5421492,127.0562483
530,상왕십리역,서울특별시 성동구 왕십리로 382 (하왕십리동),성동구,스타벅스,37.56477,127.02792
531,왕십리역,서울특별시 성동구 왕십리로 326 (도선동),성동구,스타벅스,37.56477,127.02792
532,한양대,"서울특별시 성동구 왕십리로 225 (행당동) 1,2층",성동구,스타벅스,37.56477,127.02792
533,엔터식스,서울특별시 성동구 왕십리광장로 17 (행당동),성동구,스타벅스,37.5612222,127.0371358
534,성수이마트,서울특별시 성동구 뚝섬로 379 (성수동2가) 이마트 성수점,성동구,스타벅스,37.5415275,127.0195727
535,옥수,서울특별시 성동구 독서당로 202 (옥수동),성동구,스타벅스,37.55157,127.03233
536,성수낙낙,서울특별시 성동구 광나루로8길 31 (성수동2가) 성수낙낙 1층 101~107호,성동구,스타벅스,,
537,효창공원앞역,"서울특별시 용산구 백범로 313 (효창동, 용산 롯데캐슬 센터포레)",용산구,스타벅스,37.5400102,126.9596662
538,서울역서부,서울특별시 용산구 만리재로 202 (서계동),용산구,스타벅스,37.5515371,126.9624512
539,이태원역,서울특별시 용산구 이태원로 188 (이태원동),용산구,스타벅스,37.5342621,126.9949041
540,한강진역R,서울특별시 용산구 이태원로 252 (한남동),용산구,스타벅스,37.5342986,126.9908797
541,용산역써밋R,"서울특별시 용산구 한강대로 69 (한강로2가, 용산푸르지오써밋)",용산구,스타벅스,37.5356461,126.9738539
542,이촌,서울특별시 용산구 이촌로 276 (이촌동),용산구,스타벅스,37.5239545,126.9591581
543,신용산역,"서울특별시 용산구 한강대로 95 (한강로2가, 래미안용산)",용산구,스타벅스,37.5356461,126.9738539
544,용산파크타워,"서울특별시 용산구 서빙고로 67 (용산동5가, 파크타워)",용산구,스타벅스,37.5200613,126.9930348
545,남영동,서울특별시 용산구 한강대로 275 (갈월동),용산구,스타벅스,37.5356461,126.9738539
546,한남동R,서울특별시 용산구 독서당로 94 (한남동),용산구,스타벅스,37.53634,127.01165
547,서울타워,서울특별시 용산구 남산공원길 105 (용산동2가) YTN서울타워 1층,용산구,스타벅스,37.551247399999994,126.98826417599432
548,서울역동자동,서울특별시 용산구 한강대로 372 (동자동),용산구,스타벅스,37.55104665,126.97354404690134
549,순천향입구,서울특별시 용산구 대사관로 67 (한남동),용산구,스타벅스,37.5335448,127.002637
550,숙대,서울특별시 용산구 청파로47길 57 (청파동3가),용산구,스타벅스,37.5451246,126.9655031
551,동빙고,서울특별시 용산구 장문로 12 (동빙고동),용산구,스타벅스,37.5290421,126.9918051
552,숙대입구역,서울특별시 용산구 한강대로 291 (갈월동),용산구,스타벅스,37.5356461,126.9738539
553,용산아이파크몰,서울특별시 용산구 한강대로23길 55,용산구,스타벅스,37.5301906,126.9651428
554,동부이촌동,서울특별시 용산구 이촌로 198 (이촌동),용산구,스타벅스,37.5239545,126.9591581
555,용산해링턴스퀘어,서울특별시 용산구 서빙고로 17 (한강로3가),용산구,스타벅스,37.5199553,126.9936951
556,서울역사,서울특별시 용산구 한강대로 405 (동자동) 신-101호,용산구,스타벅스,37.5545547,126.9707793
557,용산리첸시아,"서울특별시 용산구 백범로 341 (원효로1가, 리첸시아 용산)",용산구,스타벅스,37.5400102,126.9596662
558,포포인츠서울역,서울특별시 용산구 한강대로 366 (동자동),용산구,스타벅스,37.5356461,126.9738539
559,용산전자랜드,서울특별시 용산구 청파로 74 (한강로3가),용산구,스타벅스,37.5314891,126.9538856
560,상봉,"서울특별시 중랑구 상봉로 131 (상봉동, 상봉 듀오트리스 주상복합)",중랑구,스타벅스,37.5981883,127.0928622
561,중랑역,서울특별시 중랑구 망우로30길 3 (상봉동),중랑구,스타벅스,37.5942877,127.0740267
562,중랑구청,서울특별시 중랑구 신내로 72,중랑구,스타벅스,37.61185,127.09639
563,사가정역,서울특별시 중랑구 면목로 310,중랑구,스타벅스,37.5963518,127.0855162
564,상봉역,서울특별시 중랑구 망우로 307 (상봉동),중랑구,스타벅스,37.6004861,127.1047342
565,묵동이마트,"서울특별시 중랑구 동일로 932 (묵동, 묵동자이아파트) (묵동이마트 B1층)",중랑구,스타벅스,37.58916,127.08001
566,묵동,"서울특별시 중랑구 동일로 952 (묵동, 로프트원 태릉입구역) 1층",중랑구,스타벅스,37.58916,127.08001
567,중화역,"서울특별시 중랑구 봉화산로 35 1,2층",중랑구,스타벅스,,
568,강남YMCA점,서울 강남구 논현동,강남구,이디아,37.5123018,127.0294935
569,강남구청역아이티웨딩점,"서울 강남구 학동로 338 (논현동, 강남파라곤)",강남구,이디아,37.5199698,127.056947
570,강남논현학동점,서울 강남구 논현로131길 28 (논현동),강남구,이디아,37.513775,127.0273425
571,강남대치점,"서울 강남구 역삼로 415 (대치동, 성진빌딩)",강남구,이디아,37.5029327,127.0581438
572,강남도산점,서울 강남구 도산대로37길 20 (신사동),강남구,이디아,37.5220061,127.0313504
573,강남세곡점,"서울 강남구 헌릉로569길 9 (세곡동, 강남지웰파인즈)",강남구,이디아,37.4670394,127.0982391
574,강남율현점,"서울 강남구 밤고개로21길 8 (율현동, 세곡프라자)",강남구,이디아,37.4733456,127.1123547
575,강남자곡점,"서울 강남구 자곡로 180 (자곡동, 강남유탑유블레스)",강남구,이디아,37.47369985,127.1034624170334
576,개포동역점,"서울 강남구 개포로82길 11 (개포동, 삼우빌딩)",강남구,이디아,37.488846,127.0670631
577,건설회관점,서울 강남구 언주로 711 (논현동),강남구,이디아,37.4748174,127.0600448
578,대청역점,"서울 강남구 개포로109길 34 (개포동, 대청프라자)",강남구,이디아,37.4968938,127.077245
579,대치역점,"서울 강남구 남부순환로 2937 (대치동, 까치빌딩)",강남구,이디아,37.49409635,127.0616096
580,대치포스코점,"서울 강남구 테헤란로78길 16 (대치동, 노벨빌딩)",강남구,이디아,37.5053998,127.0555902
581,도곡2동점,"서울 강남구 논현로 142 (도곡동, 동현빌딩)",강남구,이디아,37.471318,127.0511927
582,도산사거리점,서울 강남구 논현동,강남구,이디아,37.5123018,127.0294935
583,삼성대치점,"서울 강남구 삼성로64길 32 (대치동, 주성빌딩)",강남구,이디아,37.5002202,127.0613379
584,삼성동점,서울 강남구 테헤란로88길 10 (대치동),강남구,이디아,37.5078464,127.0593745
585,삼성중앙점,서울 강남구 봉은사로 442 (삼성동),강남구,이디아,37.5148197,127.063493
586,삼성한전점,서울 강남구 테헤란로107길 11 (삼성동),강남구,이디아,37.510420499999995,127.06506369840604
587,선릉사거리점,"서울 강남구 선릉로 519 (역삼동, 삼능빌딩)",강남구,이디아,37.5290401,127.041123
588,선릉역점,"서울 강남구 테헤란로 332 (역삼동, HJ타워)",강남구,이디아,37.5082638,127.0606999
589,선릉점,"서울 강남구 선릉로86길 15 (대치동, 현대선릉 GOLD TOWER)",강남구,이디아,37.5035345,127.0515452
590,선정릉역점,서울 강남구 봉은사로 326 (역삼동),강남구,이디아,37.5148197,127.063493
591,수서역점,"서울 강남구 광평로 280 (수서동, 로즈데일오피스텔)",강남구,이디아,37.4874283,127.1030514
592,신사역점,서울 강남구 압구정로2길 62 (신사동),강남구,이디아,37.5196192,127.0204418
593,신사점,서울 강남구 도산대로 118 (논현동),강남구,이디아,37.5214392,127.0337787
594,압구정로데오역점,서울 강남구 선릉로161길 20 (신사동),강남구,이디아,37.527588,127.038093
595,압구정점,서울 강남구 신사동,강남구,이디아,37.52232055,127.02769395302175
596,압구정현대점,"서울 강남구 압구정로 214 (신사동, 현대종합상가빌딩)",강남구,이디아,37.5272658,127.028685
597,역삼더블루점,"서울 강남구 논현로63길 16 (역삼동, 역삼종합시장 더블루)",강남구,이디아,37.4919623,127.0375573
598,역삼상록점,"서울 강남구 테헤란로43길 18 (역삼동, SC빌딩)",강남구,이디아,37.5039275,127.0439312
599,역삼역점,서울 강남구 테헤란로25길 17 (역삼동),강남구,이디아,37.5011212,127.0352706
600,역삼월드점,"서울 강남구 역삼로52길 14 (역삼동, 도곡프라자)",강남구,이디아,37.497773,127.0485746
601,역삼점,서울 강남구 논현로72길 13 (역삼동),강남구,이디아,37.4957736,127.0407925
602,역삼중앙점,서울 강남구 언주로81길 8 (역삼동),강남구,이디아,37.4998922,127.0418037
603,역삼초교점,서울 강남구 강남대로 314 (역삼동),강남구,이디아,37.5221061,127.0175013
604,역삼충현점,서울 강남구 논현로98길 7 (역삼동),강남구,이디아,37.5039245,127.0371121
605,역삼플래티넘점,"서울 강남구 테헤란로4길 46 (역삼동, 쌍용플래티넘밸류)",강남구,이디아,37.4954802,127.0307131
606,을지병원사거리점,서울 강남구 도산대로30길 7 (논현동),강남구,이디아,37.5185499,127.0298724
607,이디야커피랩,"서울 강남구 논현로 636 (논현동, 이디야빌딩)",강남구,이디아,37.5105088,127.0326807
608,일원동점,서울 강남구 양재대로27길 20 (일원동),강남구,이디아,37.4904347,127.081481
609,청담사거리점,서울 강남구 도산대로 521 (청담동),강남구,이디아,37.5214392,127.0337787
610,청담역점,"서울 강남구 삼성로 721 (청담동, 룩희 819)",강남구,이디아,37.5215228,127.0487626
611,포이사거리점,서울 강남구 개포로 218 (개포동),강남구,이디아,37.4965484,127.0881421
612,학동역점,"서울 강남구 학동로 219 (논현동, 국제빌딩)",강남구,이디아,37.5199698,127.056947
613,한티역점,서울 강남구 도곡로69길 8 (대치동),강남구,이디아,37.4986972,127.055657
614,강남YMCA점,서울 강남구 논현동,강북구,이디아,37.5123018,127.0294935
615,강남구청역아이티웨딩점,"서울 강남구 학동로 338 (논현동, 강남파라곤)",강북구,이디아,37.5199698,127.056947
616,강남논현학동점,서울 강남구 논현로131길 28 (논현동),강북구,이디아,37.513775,127.0273425
617,강남대치점,"서울 강남구 역삼로 415 (대치동, 성진빌딩)",강북구,이디아,37.5029327,127.0581438
618,강남도산점,서울 강남구 도산대로37길 20 (신사동),강북구,이디아,37.5220061,127.0313504
619,강남세곡점,"서울 강남구 헌릉로569길 9 (세곡동, 강남지웰파인즈)",강북구,이디아,37.4670394,127.0982391
620,강남율현점,"서울 강남구 밤고개로21길 8 (율현동, 세곡프라자)",강북구,이디아,37.4733456,127.1123547
621,강남자곡점,"서울 강남구 자곡로 180 (자곡동, 강남유탑유블레스)",강북구,이디아,37.47369985,127.1034624170334
622,개포동역점,"서울 강남구 개포로82길 11 (개포동, 삼우빌딩)",강북구,이디아,37.488846,127.0670631
623,건설회관점,서울 강남구 언주로 711 (논현동),강북구,이디아,37.4748174,127.0600448
624,대청역점,"서울 강남구 개포로109길 34 (개포동, 대청프라자)",강북구,이디아,37.4968938,127.077245
625,대치역점,"서울 강남구 남부순환로 2937 (대치동, 까치빌딩)",강북구,이디아,37.49409635,127.0616096
626,대치포스코점,"서울 강남구 테헤란로78길 16 (대치동, 노벨빌딩)",강북구,이디아,37.5053998,127.0555902
627,도곡2동점,"서울 강남구 논현로 142 (도곡동, 동현빌딩)",강북구,이디아,37.471318,127.0511927
628,도산사거리점,서울 강남구 논현동,강북구,이디아,37.5123018,127.0294935
629,삼성대치점,"서울 강남구 삼성로64길 32 (대치동, 주성빌딩)",강북구,이디아,37.5002202,127.0613379
630,삼성동점,서울 강남구 테헤란로88길 10 (대치동),강북구,이디아,37.5078464,127.0593745
631,삼성중앙점,서울 강남구 봉은사로 442 (삼성동),강북구,이디아,37.5148197,127.063493
632,삼성한전점,서울 강남구 테헤란로107길 11 (삼성동),강북구,이디아,37.510420499999995,127.06506369840604
633,선릉사거리점,"서울 강남구 선릉로 519 (역삼동, 삼능빌딩)",강북구,이디아,37.5290401,127.041123
634,선릉역점,"서울 강남구 테헤란로 332 (역삼동, HJ타워)",강북구,이디아,37.5082638,127.0606999
635,선릉점,"서울 강남구 선릉로86길 15 (대치동, 현대선릉 GOLD TOWER)",강북구,이디아,37.5035345,127.0515452
636,선정릉역점,서울 강남구 봉은사로 326 (역삼동),강북구,이디아,37.5148197,127.063493
637,수서역점,"서울 강남구 광평로 280 (수서동, 로즈데일오피스텔)",강북구,이디아,37.4874283,127.1030514
638,신사역점,서울 강남구 압구정로2길 62 (신사동),강북구,이디아,37.5196192,127.0204418
639,신사점,서울 강남구 도산대로 118 (논현동),강북구,이디아,37.5214392,127.0337787
640,압구정로데오역점,서울 강남구 선릉로161길 20 (신사동),강북구,이디아,37.527588,127.038093
641,압구정점,서울 강남구 신사동,강북구,이디아,37.52232055,127.02769395302175
642,압구정현대점,"서울 강남구 압구정로 214 (신사동, 현대종합상가빌딩)",강북구,이디아,37.5272658,127.028685
643,역삼더블루점,"서울 강남구 논현로63길 16 (역삼동, 역삼종합시장 더블루)",강북구,이디아,37.4919623,127.0375573
644,역삼상록점,"서울 강남구 테헤란로43길 18 (역삼동, SC빌딩)",강북구,이디아,37.5039275,127.0439312
645,역삼역점,서울 강남구 테헤란로25길 17 (역삼동),강북구,이디아,37.5011212,127.0352706
646,역삼월드점,"서울 강남구 역삼로52길 14 (역삼동, 도곡프라자)",강북구,이디아,37.497773,127.0485746
647,역삼점,서울 강남구 논현로72길 13 (역삼동),강북구,이디아,37.4957736,127.0407925
648,역삼중앙점,서울 강남구 언주로81길 8 (역삼동),강북구,이디아,37.4998922,127.0418037
649,역삼초교점,서울 강남구 강남대로 314 (역삼동),강북구,이디아,37.5221061,127.0175013
650,역삼충현점,서울 강남구 논현로98길 7 (역삼동),강북구,이디아,37.5039245,127.0371121
651,역삼플래티넘점,"서울 강남구 테헤란로4길 46 (역삼동, 쌍용플래티넘밸류)",강북구,이디아,37.4954802,127.0307131
652,을지병원사거리점,서울 강남구 도산대로30길 7 (논현동),강북구,이디아,37.5185499,127.0298724
653,이디야커피랩,"서울 강남구 논현로 636 (논현동, 이디야빌딩)",강북구,이디아,37.5105088,127.0326807
654,일원동점,서울 강남구 양재대로27길 20 (일원동),강북구,이디아,37.4904347,127.081481
655,청담사거리점,서울 강남구 도산대로 521 (청담동),강북구,이디아,37.5214392,127.0337787
656,청담역점,"서울 강남구 삼성로 721 (청담동, 룩희 819)",강북구,이디아,37.5215228,127.0487626
657,포이사거리점,서울 강남구 개포로 218 (개포동),강북구,이디아,37.4965484,127.0881421
658,학동역점,"서울 강남구 학동로 219 (논현동, 국제빌딩)",강북구,이디아,37.5199698,127.056947
659,한티역점,서울 강남구 도곡로69길 8 (대치동),강북구,이디아,37.4986972,127.055657
660,4.19사거리점,서울 강북구 삼양로 501 (수유동),강서구,이디아,37.6326783,127.0176206
661,가오리역점,서울 강북구 삼각산로 108 (수유동),강서구,이디아,37.6406261,127.0161805
662,강북경찰서점,서울 강북구 오패산로 403 (번동),강서구,이디아,37.6367698,127.0274004
663,광산사거리점,서울 강북구 한천로 1083 (수유동),강서구,이디아,37.6218796,127.0518597
664,미아꿈의숲해링턴점,"서울 강북구 오현로 45 (미아동, 꿈의숲 해링턴 플레이스)",강서구,이디아,37.6298,127.04065
665,미아삼거리역점,서울 강북구 도봉로10길 28 (미아동),강서구,이디아,37.61474,127.03084
666,미아삼거리점,"서울 강북구 도봉로 45 (미아동, 숭인시장)",강서구,이디아,37.6152945,127.0299205
667,미아송천점,서울 강북구 삼양로 118 (미아동),강서구,이디아,37.6326783,127.0176206
668,미아역점,서울 강북구 도봉로 207 -3(미아동),강서구,이디아,37.6265415,127.0261235
669,미아중앙점,서울 강북구 도봉로 128 (미아동),강서구,이디아,37.6152945,127.0299205
670,번동점,"서울 강북구 오현로 194 (번동, 덕수빌딩)",강서구,이디아,37.6298,127.04065
671,북한산점,서울 강북구 4.19로 85 (수유동),강서구,이디아,37.6477979,127.012414
672,삼각산점,서울 강북구 솔샘로40길 3 (미아동),강서구,이디아,37.6199306,127.01602422935522
673,삼양사거리점,"서울 강북구 솔샘로 254 (미아동, 삼양아케이트)",강서구,이디아,37.6193234,127.02080817612877
674,삼양시장점,"서울 강북구 삼양로 234 (미아동, 대건빌딩)",강서구,이디아,37.6326783,127.0176206
675,수유1동점,서울 강북구 삼양로 293 (수유동),강서구,이디아,37.6326783,127.0176206
676,수유사거리점,"서울 강북구 덕릉로 82 (수유동, 제네스타워)",강서구,이디아,37.6344489,127.0208858
677,수유역점,서울 강북구 도봉로 355 (수유동),강서구,이디아,37.6152945,127.0299205
678,우이역도선사점,서울 강북구 삼양로173길 21 (우이동),강서구,이디아,37.6615152,127.0087215
679,한신대역점,서울 강북구 덕릉로 31 (수유동),강서구,이디아,37.6344489,127.0208858
680,가양역점,서울 강서구 양천로 500 (등촌동),관악구,이디아,37.5733451,126.8166853
681,강서nc점,서울 강서구 강서로54길 11 (등촌동),관악구,이디아,37.5588719,126.84201
682,강서가양동점,"서울 강서구 강서로 511 (가양동, 한림타운)",관악구,이디아,37.5583814,126.8381831
683,강서교차로점,"서울 강서구 공항대로 437 (등촌동, 주신기업(주))",관악구,이디아,37.5604431,126.8198414
684,강서구청점,"서울 강서구 화곡로 292 (화곡동, 서광프리메라)",관악구,이디아,37.5420713,126.841519
685,강서한강자이점,서울 강서구 양천로 401 (가양동),관악구,이디아,37.5733451,126.8166853
686,개화산역점,"서울 강서구 양천로 28 (방화동, 벽산에어트리움)",관악구,이디아,37.553141600000004,126.86770275
687,곰달래사거리점,서울 강서구 곰달래로 52 (화곡동),관악구,이디아,37.5301626,126.8401946
688,공항시장역점,"서울 강서구 방화동로 37 (방화동, 메디스타워)",관악구,이디아,37.5633548,126.8102065
689,까치산로점,서울 강서구 까치산로 182 (화곡동),관악구,이디아,37.5520673,126.8529253
690,까치산역점,서울 강서구 강서로17길 6 (화곡동),관악구,이디아,37.5324689,126.8409039
691,내발산점,"서울 강서구 강서로 304 (내발산동, 영종빌딩)",관악구,이디아,37.5583814,126.8381831
692,등촌3동점,서울 강서구 공항대로41길 34 (등촌동),관악구,이디아,37.55926235,126.84574147984927
693,등촌동점,"서울 강서구 공항대로61길 20 (염창동, 우리프리머스)",관악구,이디아,37.5518692,126.8658093760947
694,등촌역점,서울 강서구 등촌로 217 (등촌동),관악구,이디아,37.5515234,126.864002
695,등촌중앙점,"서울 강서구 등촌로 67 (등촌동, 컴스웨이빌딩)",관악구,이디아,37.5515234,126.864002
696,렘넌트문화센터점,"서울 강서구 화곡로63길 65 (등촌동, 예원교회)",관악구,이디아,37.5582207,126.8493097
697,마곡나루역점,"서울 강서구 마곡중앙5로 6 (마곡동, 마곡나루역보타닉푸르지오시티)",관악구,이디아,37.5674795,126.8174008
698,마곡대방디엠씨티점,"서울 강서구 양천로 344 (마곡동, 마곡센트럴대방디엠시티오피스텔)",관악구,이디아,37.5733451,126.8166853
699,마곡수명산점,"서울 강서구 수명로 68-27 (내발산동, 웨스트엔드문화센터)",관악구,이디아,37.5527287,126.826651
700,마곡엠밸리점,"서울 강서구 마곡서로 101 (마곡동, 동익드미라벨복합빌딩)",관악구,이디아,37.5628795,126.82376790892445
701,마곡역점,"서울 강서구 공항대로 195 (마곡동, 힐스테이트에코동익)",관악구,이디아,37.5604431,126.8198414
702,마곡중앙점,"서울 강서구 마곡중앙6로 66 (마곡동, 퀸즈파크텐)",관악구,이디아,37.5601839,126.8343585
703,마곡퀸즈파크9점,"서울 강서구 공항대로 247 (마곡동, 퀸즈파크나인)",관악구,이디아,37.5604431,126.8198414
704,마곡파인스퀘어점,"서울 강서구 마곡중앙4로 22 (마곡동, 파인스퀘어)",관악구,이디아,37.5580856,126.8353024
705,마곡헤리움점,"서울 강서구 마곡중앙5로1길 25 (마곡동, 마곡헤리움2차)",관악구,이디아,37.568413,126.826395
706,발산역점,서울 강서구 공항대로 280 (내발산동),관악구,이디아,37.5604431,126.8198414
707,방화동로점,서울 강서구 방화동로 95 (방화동),관악구,이디아,37.5633548,126.8102065
708,방화사거리점,"서울 강서구 양천로 72 (방화동, 해성빌딩)",관악구,이디아,37.5490442,126.8776191
709,방화역점,"서울 강서구 금낭화로 146 (방화동, 오피앙)",관악구,이디아,37.5688658,126.8116908
710,서울공진초교점,"서울 강서구 마곡중앙1로 26 (마곡동, 마곡엠리체)",관악구,이디아,37.558542,126.8218699
711,송정역점,서울 강서구 공항대로 24 (공항동),관악구,이디아,37.5604431,126.8198414
712,신방화역점,"서울 강서구 마곡중앙5로 81 (마곡동, 에스비타운)",관악구,이디아,37.5674795,126.8174008
713,신방화중앙점,"서울 강서구 방화대로34길 92 (방화동, 불해빌딩)",관악구,이디아,37.5701427,126.8193294
714,양천향교역점,서울 강서구 강서로 462 (등촌동),관악구,이디아,37.5583814,126.8381831
715,염창동점,서울 강서구 양천로 689 (염창동),관악구,이디아,37.5733451,126.8166853
716,염창블루나인점,서울 강서구 양천로 583 (염창동),관악구,이디아,37.55710845,126.86419336669849
717,우장산동점,서울 강서구 우현로 15 (화곡동),관악구,이디아,37.54826605,126.8422105132104
718,우장산역점,서울 강서구 강서로45길 5 (화곡동),관악구,이디아,37.547860549999996,126.8358549
719,화곡남부시장점,서울 강서구 등촌로5길 80 (화곡동),관악구,이디아,37.534413,126.8622814
720,화곡로점,서울 강서구 화곡로 133 (화곡동),관악구,이디아,37.5420713,126.841519
721,화곡본동시장점,서울 강서구 까치산로4길 11 (화곡동),관악구,이디아,37.5382869,126.8462386
722,화곡사거리점,서울 강서구 곰달래로 135 (화곡동),관악구,이디아,37.5301626,126.8401946
723,화곡중앙시장점,서울 강서구 가로공원로76길 61 (화곡동),관악구,이디아,37.5348312,126.8378596
724,화곡중앙점,서울 강서구 까치산로 79 (화곡동),관악구,이디아,37.5520673,126.8529253
725,관악구청점,"서울 관악구 관악로 164 (봉천동, 대우디오슈페리움1단지)",광진구,이디아,37.4795617,126.95279357955701
726,관악하나로마트점,"서울 관악구 남부순환로 1369 (신림동, 관악농협농산물백화점)",광진구,이디아,37.4828861,126.9200241
727,낙성대역점,서울 관악구 남부순환로 1915 (봉천동),광진구,이디아,37.4828861,126.9200241
728,난곡사거리점,서울 관악구 남부순환로 1444 (신림동),광진구,이디아,37.4828861,126.9200241
729,난향동점,서울 관악구 난곡로 60 (신림동),광진구,이디아,37.4813526,126.9145868
730,남현홈플러스점,"서울 관악구 과천대로 909 (남현동, 남현프라자)",광진구,이디아,37.4705416,126.9839545
731,녹두거리점,서울 관악구 신림로 91 (신림동),광진구,이디아,37.4717526,126.9335068
732,당곡사거리점,서울 관악구 봉천로 245 (봉천동),광진구,이디아,37.4867086,126.9334314
733,보라매중앙점,"서울 관악구 보라매로 62 (봉천동, 보라매삼성아파트)",광진구,이디아,37.4934783,126.9276461
734,봉일시장점,서울 관악구 은천로 23 (봉천동),광진구,이디아,37.4862877,126.9366782
735,봉천역점,서울 관악구 남부순환로 1725 (봉천동),광진구,이디아,37.4828861,126.9200241
736,봉천중앙점,서울 관악구 남부순환로 1874 (봉천동),광진구,이디아,37.4828861,126.9200241
737,사당중앙점,서울 관악구 과천대로 951 (남현동),광진구,이디아,37.4705416,126.9839545
738,서울대입구역점,"서울 관악구 관악로 195 (봉천동, 관악위버폴리스)",광진구,이디아,37.4820218,126.9531662
739,서울대중앙점,서울 관악구 남부순환로216길 2 (봉천동),광진구,이디아,37.4804795,126.9489521
740,신대방역점,서울 관악구 난곡로 368 (신림동),광진구,이디아,37.4813526,126.9145868
741,신림난곡점,서울 관악구 난곡로 197 (신림동),광진구,이디아,37.4813526,126.9145868
742,신림남부초교점,서울 관악구 남부순환로 1541-1 (신림동),광진구,이디아,37.4828861,126.9200241
743,신림대학동점,서울 관악구 호암로26길 17 (신림동),광진구,이디아,37.4704161,126.9355531
744,신림문화교점,서울 관악구 신림로 262-1 (신림동),광진구,이디아,37.4709068,126.9419211
745,신림미성점,서울 관악구 난곡로 250 (신림동),광진구,이디아,37.4813526,126.9145868
746,신림신원점,서울 관악구 신원로 16 (신림동),광진구,이디아,37.482254,126.9295206
747,신림신화교점,서울 관악구 신림로 199 (신림동),광진구,이디아,37.4717526,126.9335068
748,신림역점,서울 관악구 신림로 312 (신림동),광진구,이디아,37.4717526,126.9335068
749,신림중앙점,서울 관악구 관천로 52 (신림동),광진구,이디아,37.4892782,126.9196145
750,신림패션문화점,서울 관악구 봉천로6길 24 (신림동),광진구,이디아,37.4884494,126.9255558
751,인헌점,서울 관악구 인헌길 17 (봉천동),광진구,이디아,37.474706600000005,126.9670792140351
752,청룡중앙점,"서울 관악구 쑥고개로 80 (봉천동, 제이빌딩)",광진구,이디아,37.4772403,126.9374083
753,건대로데오점,서울 광진구 아차산로30길 8 (자양동),금천구,이디아,37.5398529,127.0675276
754,건대스타시티2호점,"서울 광진구 능동로 92 (자양동, 스타시티몰) 지하 2층 201호",금천구,이디아,37.538956049999996,127.07142585170553
755,건대스타시티점,"서울 광진구 아차산로 272 (자양동, 더샵스타시티)",금천구,이디아,37.538418,127.07323878135787
756,건대역점,"서울 광진구 아차산로 229 (화양동, 한림타워)",금천구,이디아,37.5473613,127.1063934
757,건대후문점,"서울 광진구 광나루로 416 (화양동, 건회빌딩)",금천구,이디아,37.5453891,127.0805575
758,광나루점,서울 광진구 아차산로 624 (광장동),금천구,이디아,37.5473613,127.1063934
759,광진구청점,서울 광진구 자양로 136 (구의동),금천구,이디아,37.5411813,127.0836592
760,구의동점,서울 광진구 아차산로 481 (구의동),금천구,이디아,37.5473613,127.1063934
761,구의사거리점,서울 광진구 광나루로 508 (구의동),금천구,이디아,37.5453891,127.0805575
762,구의역점,서울 광진구 구의로 4 (구의동),금천구,이디아,37.54152,127.08992
763,구의자양로점,서울 광진구 자양로 251 (구의동),금천구,이디아,37.5411813,127.0836592
764,군자역점,"서울 광진구 능동로 290 (능동, 삼일빌딩)",금천구,이디아,37.5389737,127.070152
765,동서울터미널점,서울 광진구 구의동,금천구,이디아,37.5444205,127.08811276775239
766,뚝섬유원지역점,서울 광진구 능동로 21 (자양동),금천구,이디아,37.5657003,127.0841887
767,세종대정문점,서울 광진구 능동로 261 (군자동),금천구,이디아,37.5389737,127.070152
768,세종대후문점,서울 광진구 군자로 109 (군자동),금천구,이디아,37.5455898,127.0707216
769,아차산역점,서울 광진구 천호대로 663 (구의동),금천구,이디아,37.5581538,127.0767458
770,어린이대공원역점,서울 광진구 광나루로 380 (화양동),금천구,이디아,37.5453891,127.0805575
771,자양동점,서울 광진구 자양로 46 (자양동),금천구,이디아,37.5411813,127.0836592
772,자양우성점,"서울 광진구 자양번영로 34 (자양동, 제이원하이텔)",금천구,이디아,37.5355739,127.076395
773,중곡대원점,서울 광진구 용마산로 111 (중곡동),금천구,이디아,37.5687628,127.0860575
774,중곡신성점,"서울 광진구 용마산로 37 (중곡동, 이안빌딩)",금천구,이디아,37.5687628,127.0860575
775,중곡역점,서울 광진구 능동로 407 (중곡동),금천구,이디아,37.5389737,127.070152
776,중곡중앙점,서울 광진구 능동로 330 (중곡동),금천구,이디아,37.55898005,127.08080120745471
777,가산SKV1점,서울 금천구 가산디지털1로 171 (가산동),노원구,이디아,37.4818877,126.8809178
778,가산그레이트점,서울 금천구 디지털로9길 32 (가산동),노원구,이디아,37.4797,126.88661
779,가산대륭19차점,서울 금천구 가산디지털2로 70 (가산동),노원구,이디아,37.47500035,126.88240444283801
780,가산두산위브점,서울 금천구 가산로 111 (가산동),노원구,이디아,37.471387,126.8983078
781,가산리더스타워점,서울 금천구 벚꽃로 286 (가산동),노원구,이디아,37.4655832,126.889962
782,가산벽산점,서울 금천구 벚꽃로 244 (가산동),노원구,이디아,37.4655832,126.889962
783,가산에이스점,서울 금천구 가산디지털1로 196 (가산동),노원구,이디아,37.4818877,126.8809178
784,가산오거리점,"서울 금천구 가산로 155 (가산동, 케이디에스빌딩)",노원구,이디아,37.471387,126.8983078
785,가산월드점,서울 금천구 가산디지털2로 123 (가산동),노원구,이디아,37.4786673,126.8796216
786,가산하이엔드10차점,"서울 금천구 가산디지털1로 30 (가산동, 에이스하이엔드타워10)",노원구,이디아,37.46881105,126.88737135618001
787,금천롯데마트점,"서울 금천구 시흥대로 291 (독산동, 금천롯데캐슬골드파크3차)",노원구,이디아,37.4592198,126.8972761
788,독산동쌈지공원점,서울 금천구 독산로 276 (독산동),노원구,이디아,37.4484846,126.9029979
789,독산동점,"서울 금천구 독산로 218 (독산동, 창영빌딩)",노원구,이디아,37.4484846,126.9029979
790,독산롯데시네마점,서울 금천구 시흥대로 399 (독산동),노원구,이디아,37.46937145,126.89705423955505
791,박미삼거리점,서울 금천구 시흥대로 150 (시흥동),노원구,이디아,37.4350863,126.9029168
792,석수푸르지오점,"서울 금천구 삼성산길 11 (시흥동, 위너스타워)",노원구,이디아,37.4339934,126.9052377
793,세광교회점,서울 금천구 독산로 124 (시흥동),노원구,이디아,37.4484846,126.9029979
794,시흥대로점,서울 금천구 시흥대로 476 (독산동),노원구,이디아,37.4350863,126.9029168
795,시흥동점,서울 금천구 시흥동,노원구,이디아,37.44969435,126.911830542905
796,시흥사거리점,서울 금천구 시흥대로63길 8 (시흥동),노원구,이디아,37.4544723,126.899872
797,시흥유통센터점,"서울 금천구 시흥대로 88 (시흥동, 오복빌딩)",노원구,이디아,37.4350863,126.9029168
798,시흥중앙점,서울 금천구 금하로 748 (시흥동),노원구,이디아,37.449974350000005,126.91263890009327
799,에이스가산포휴점,"서울 금천구 가산디지털1로 225 (가산동, 에이스 가산 포휴(지식산업센터))",노원구,이디아,37.4818877,126.8809178
800,은행나무사거리점,서울 금천구 금하로 690 (시흥동),노원구,이디아,37.4542465,126.8993521
801,공릉역점,서울 노원구 동일로192길 5 (공릉동),도봉구,이디아,37.6261313,127.0742913
802,공릉중앙점,서울 노원구 공릉로 146 (공릉동),도봉구,이디아,37.6405461,127.0688312
803,광운대점,서울 노원구 광운로 29 (월계동),도봉구,이디아,37.62677,127.06007
804,노원KT점,서울 노원구 노해로 494 (상계동),도봉구,이디아,37.6542439,127.0603337
805,노원사거리점,서울 노원구 동일로 1393 (상계동),도봉구,이디아,37.6644081,127.0579149
806,노원역2호점,서울 노원구 상계로 64 (상계동),도봉구,이디아,37.67059,127.08038
807,노원중앙점,서울 노원구 노원로 452 (상계동),도봉구,이디아,37.6614404,127.0549701
808,당고개역점,서울 노원구 상계로 313 (상계동),도봉구,이디아,37.67059,127.08038
809,마들역점,서울 노원구 동일로 1541 (상계동),도봉구,이디아,37.6644081,127.0579149
810,상계동점,서울 노원구 한글비석로52길 8 (상계동),도봉구,이디아,37.6656898,127.066379
811,상계역사거리점,서울 노원구 한글비석로 409 (상계동) 1~2층,도봉구,이디아,37.6378219,127.0715793
812,상계역점,서울 노원구 덕릉로 698 (중계동),도봉구,이디아,37.64677,127.0669
813,상계중앙점,서울 노원구 동일로 1650 (상계동),도봉구,이디아,37.6644081,127.0579149
814,서울과학기술대점,서울 노원구 공릉로 208 (공릉동),도봉구,이디아,37.64309995,127.0668037699003
815,서울여대점,서울 노원구 노원로 3 (공릉동),도봉구,이디아,37.660346849999996,127.05669991872924
816,석계역점,서울 노원구 석계로3길 3 (월계동),도봉구,이디아,37.6160979,127.0634831
817,세이브존노원점,"서울 노원구 한글비석로 57 (하계동, 세이브존)",도봉구,이디아,37.6368308,127.0682274
818,수락산역점,"서울 노원구 동일로 1689 (상계동, 하이베라스)",도봉구,이디아,37.6652448,127.0577928
819,원자력병원점,서울 노원구 공릉로46길 6 (공릉동),도봉구,이디아,37.6275399,127.0819393
820,월계이마트점,"서울 노원구 마들로3길 15 (월계동, 월계이마트)",도봉구,이디아,37.62670545,127.0617333542776
821,월계인덕점,서울 노원구 광운로22길 39 (월계동),도봉구,이디아,37.6288677,127.0593792
822,월계초교점,서울 노원구 월계동,도봉구,이디아,37.6289,127.0567
823,은행사거리점,서울 노원구 중계로 201 (중계동),도봉구,이디아,37.6462176,127.0816372
824,중계롯데우성점,서울 노원구 노원로22길 70 (중계동),도봉구,이디아,37.6476954,127.0710362
825,중계본동점,서울 노원구 중계로14바길 2 (중계동),도봉구,이디아,37.6499523,127.08399
826,중계브라운스톤점,"서울 노원구 동일로203가길 29 (중계동, 브라운스톤중계)",도봉구,이디아,37.6395761,127.0648842
827,중계점,서울 노원구 동일로204가길 34 (중계동),도봉구,이디아,37.64129015,127.06782044088092
828,중계중앙점,서울 노원구 덕릉로73길 18 (중계동),도봉구,이디아,37.6521838,127.0720756
829,태릉입구역점,"서울 노원구 공릉로 105 (공릉동, 성종빌딩)",도봉구,이디아,37.6405461,127.0688312
830,하계온천점,서울 노원구 노원로 257 (하계동),도봉구,이디아,37.6614404,127.0549701
831,하계을지점,서울 노원구 공릉로 326 (하계동),도봉구,이디아,37.6405461,127.0688312
832,덕성여대점,서울 도봉구 삼양로 542 (쌍문동),동작구,이디아,37.6544712,127.0136445
833,도봉구청점,"서울 도봉구 도봉로150길 43 (방학동, ESA 아파트)",동작구,이디아,37.6660514,127.0431754
834,도봉보건소사거리점,서울 도봉구 해등로 157 (쌍문동),동작구,이디아,37.65748,127.02287
835,도봉산점,서울 도봉구 도봉산길 18 (도봉동),동작구,이디아,37.6873666,127.0428041
836,도봉역점,서울 도봉구 도봉로 823 (도봉동),동작구,이디아,37.6685171,127.0433176
837,도봉중앙점,서울 도봉구 도봉로181길 18 (도봉동),동작구,이디아,37.6847771,127.0423348
838,방학사거리점,서울 도봉구 도봉로 677 (방학동),동작구,이디아,37.6685171,127.0433176
839,방학역점,서울 도봉구 도봉로153길 15 (방학동),동작구,이디아,37.6699566,127.0409485
840,방학점,서울 도봉구 방학로 171 (방학동),동작구,이디아,37.6628167,127.0415119
841,방학중앙점,서울 도봉구 도당로13길 22 (방학동),동작구,이디아,37.6661302,127.0347065
842,방학홈플러스점,"서울 도봉구 도봉로 678 (방학동, 홈플러스데스코㈜방학점)",동작구,이디아,37.6685171,127.0433176
843,선덕고사거리점,"서울 도봉구 해등로 255 (쌍문동, 에벤에셀아파트)",동작구,이디아,37.65748,127.02287
844,신창점,서울 도봉구 덕릉로 235 (창동),동작구,이디아,37.642508,127.0417172
845,쌍문동점,서울 도봉구 노해로 162 (쌍문동),동작구,이디아,37.6529449,127.0535657
846,쌍문역점,서울 도봉구 도봉로117길 4 (쌍문동),동작구,이디아,37.6496289,127.0308252
847,쌍문중앙점,서울 도봉구 도봉로 519 (쌍문동),동작구,이디아,37.6685171,127.0433176
848,창동대우점,서울 도봉구 덕릉로63가길 30 (창동),동작구,이디아,37.643558,127.0392677
849,창동블루핀점,서울 도봉구 마들로 550 (창동),동작구,이디아,37.6577639,127.0521469
850,창동역점,서울 도봉구 마들로11길 65 (창동),동작구,이디아,37.65404545,127.05125906206726
851,창동제일점,서울 도봉구 노해로70길 81 (창동),동작구,이디아,37.64907,127.05222
852,창동중앙점,서울 도봉구 노해로63길 78 (창동),동작구,이디아,37.6525362,127.0451747
853,창동하나로마트점,"서울 도봉구 마들로11길 20 (창동, 농협창동유통센타)",동작구,이디아,37.65404545,127.05125906206726
854,창동학원가점,서울 도봉구 해등로16길 61 (창동),동작구,이디아,37.6549952,127.0435095
855,창동현대타운점,서울 도봉구 도봉로114길 22 (창동),동작구,이디아,37.6478622,127.037822
856,남성역점,서울 동작구 사당로17가길 13 (사당동),마포구,이디아,37.4838486,126.9732134
857,노들점,서울 동작구 노량진로 200 (노량진동),마포구,이디아,37.5126537,126.925404
858,노량진CTS점,서울 동작구 노량진로 110 (노량진동),마포구,이디아,37.5126537,126.925404
859,노량진드림스퀘어점,"서울 동작구 노들로2길 7 (노량진동, 노량진 드림스퀘어 복합빌딩)",마포구,이디아,,
860,노량진역사점,"서울 동작구 노량진로 지하 130 (노량진동, 9호선 노량진역)",마포구,이디아,,
861,대림성모점,서울 동작구 시흥대로 658 (신대방동),마포구,이디아,37.4904409,126.9080396
862,대방역점,"서울 동작구 노량진로 24 (대방동, 한신빌딩)",마포구,이디아,37.5127287,126.9493459
863,보라매공원점,서울 동작구 여의대방로 90 (신대방동),마포구,이디아,37.5063955,126.922877
864,보라매점,"서울 동작구 보라매로5가길 16 (신대방동, 보라매아카데미타워)",마포구,이디아,37.4915746,126.924622
865,사당역점,서울 동작구 동작대로7길 100 (사당동),마포구,이디아,37.4785745,126.9793959
866,사당점,서울 동작구 동작대로 45 (사당동),마포구,이디아,37.5055157,126.9802738
867,상도역점,서울 동작구 상도로 277 (상도1동),마포구,이디아,37.5041896,126.9379181
868,상도중앙점,서울 동작구 만양로 17 (상도동),마포구,이디아,37.5096477,126.9455378
869,숭실대점,서울 동작구 사당로 2 (상도동),마포구,이디아,37.4853495,126.9820551
870,신대방삼거리점,서울 동작구 상도로 78 (대방동),마포구,이디아,37.5041896,126.9379181
871,신상도초교점,서울 동작구 양녕로 183 (상도동),마포구,이디아,37.5138063,126.9559884
872,이수중앙점,서울 동작구 사당로 285 (사당동),마포구,이디아,37.4946982,126.9608044
873,장승배기역점,서울 동작구 상도로 193 (상도동),마포구,이디아,37.5041896,126.9379181
874,중앙대점,서울 동작구 흑석로 79 (흑석동),마포구,이디아,37.5089249,126.9617361
875,중앙대후문점,서울 동작구 흑석로 20 (상도동),마포구,이디아,37.5089249,126.9617361
876,총신대입구역점,서울 동작구 동작대로 119-1 (사당동),마포구,이디아,37.5055157,126.9802738
877,총신대점,"서울 동작구 사당로16가길 96 (사당동) 1,2층",마포구,이디아,37.4838448,126.9704613
878,해군회관점,서울 동작구 여의대방로 194 (대방동),마포구,이디아,37.5063955,126.922877
879,공덕롯데캐슬점,"서울 마포구 마포대로 109 (공덕동, 롯데캐슬프레지던트)",서대문구,이디아,37.5447608,126.9506748
880,공덕점,서울 마포구 마포대로8길 15 (공덕동),서대문구,이디아,37.5461513,126.9543498
881,광흥창역점,"서울 마포구 창전로 45 (창전동, 서강한화오벨리스크)",서대문구,이디아,37.551341,126.9327908
882,대흥역점,서울 마포구 백범로 100 (대흥동),서대문구,이디아,37.55217,126.93738
883,동교중앙점,서울 마포구 동교로27길 8 (동교동),서대문구,이디아,37.5613506,126.9193496
884,마포경찰서점,서울 마포구 마포대로 173 (공덕동),서대문구,이디아,37.549901000000006,126.95444992129008
885,마포공덕역점,서울 마포구 새창로 6 (도화동),서대문구,이디아,37.54227,126.95061
886,마포구청점,서울 마포구 월드컵로 196 (성산동),서대문구,이디아,37.5663972,126.8965001
887,마포데시앙점,서울 마포구 독막로 320 (도화동),서대문구,이디아,37.5473372,126.9369738
888,마포성산시영점,서울 마포구 월드컵북로 210 (성산동),서대문구,이디아,37.5694955,126.9059179987864
889,마포점,서울 마포구 도화길 10 (도화동),서대문구,이디아,37.541768,126.9513165
890,망리단길점,"서울 마포구 포은로 81-1 (망원동, S-빌딩)",서대문구,이디아,37.5562777,126.9047718
891,망원역점,서울 마포구 월드컵로 82-1 (서교동),서대문구,이디아,37.5558234,126.9103257
892,망원중앙점,서울 마포구 월드컵로 147 (망원동),서대문구,이디아,37.5663972,126.8965001
893,상수역점,서울 마포구 와우산로 41-1 (상수동),서대문구,이디아,37.5482631,126.92282016083843
894,상암DMC점,서울 마포구 월드컵북로 396 (상암동),서대문구,이디아,37.5631442,126.9128
895,상암KBS점,서울 마포구 월드컵북로 375 (상암동),서대문구,이디아,37.5793721,126.8886301
896,상암우리기술점,서울 마포구 월드컵북로56길 9 (상암동),서대문구,이디아,37.5818925,126.8883716
897,상암한샘점,서울 마포구 성암로13길 58 (상암동),서대문구,이디아,37.5765171,126.897222
898,상암홈플러스점,서울 마포구 월드컵로 240 (성산동),서대문구,이디아,37.5663972,126.8965001
899,서강대점,서울 마포구 백범로 34 (신수동),서대문구,이디아,37.55217,126.93738
900,서교동점,서울 마포구 와우산로29길 70 (서교동),서대문구,이디아,37.5563811,126.9265795
901,성산점,서울 마포구 월드컵북로 137 (성산동),서대문구,이디아,37.5793721,126.8886301
902,성산중앙점,서울 마포구 성미산로 78 (성산동),서대문구,이디아,37.5602186,126.9165799
903,신촌그랑자이점,"서울 마포구 대흥로 183 (대흥동, 신촌그랑자이 상가)",서대문구,이디아,37.5472737,126.9413542
904,신촌로터리점,서울 마포구 서강로 135 (노고산동),서대문구,이디아,37.550354,126.932257
905,신촌숲아이파크점,"서울 마포구 광성로 17 (신수동, 신촌숲아이파크)",서대문구,이디아,37.5499326,126.9357544
906,애오개역점,서울 마포구 마포대로 208 (아현동),서대문구,이디아,37.5379407,126.9434293
907,오벨리스크점,"서울 마포구 마포대로 33 (도화동, 마포 한화 오벨리스크)",서대문구,이디아,37.5379407,126.9434293
908,한강공원로점,서울 마포구 망원로 21 (망원동),서대문구,이디아,37.5573718,126.9050302
909,합정LIG점,서울 마포구 양화로1길 21 (합정동),서대문구,이디아,37.5512369,126.9098473
910,합정동점,서울 마포구 양화로6길 90 (합정동),서대문구,이디아,37.5482504,126.91905935
911,합정역사거리점,서울 마포구 독막로2길 5 (합정동),서대문구,이디아,37.5481171,126.9146569
912,합정역점,서울 마포구 양화로11길 54 (서교동),서대문구,이디아,37.5521947,126.9159079
913,합정홈플러스점,"서울 마포구 양화로 45 (서교동, 메세나폴리스)",서대문구,이디아,37.5502395,126.9139625
914,홍대중앙점,서울 마포구 양화로 124 (서교동),서대문구,이디아,37.55420865,126.92078324584716
915,홍대청기와점,서울 마포구 월드컵북로 7 (서교동),서대문구,이디아,37.569189699999995,126.90644091817538
916,홍대학원가점,서울 마포구 와우산로 148 (창전동),서대문구,이디아,37.5563553,126.9312675
917,홍익대점,"서울 마포구 홍익로 10 (서교동, 서교푸르지오)",서대문구,이디아,37.5533059,126.92289894999999
918,가재울점,"서울 서대문구 수색로 100 (북가좌동, DMC래미안e편한세상)",서초구,이디아,37.5772579,126.9027849
919,가재울중앙점,"서울 서대문구 가재울미래로 2 (남가좌동, DMC파크뷰자이)",서초구,이디아,37.5722359,126.9145218
920,독립문통일로점,서울 서대문구 영천동,서초구,이디아,37.570186500000005,126.9570483439822
921,동교동점,서울 서대문구 신촌로 5 (창천동),서초구,이디아,37.5579158,126.9603834
922,명지대점,서울 서대문구 거북골로 35 (남가좌동),서초구,이디아,37.5752246,126.9160865
923,명지전문대점,서울 서대문구 가좌로 140 (홍은동),서초구,이디아,37.5779832,126.9305161
924,무악재역점,서울 서대문구 홍제동,서초구,이디아,37.58727245,126.94659487799042
925,북가좌동점,서울 서대문구 증가로 257 (북가좌동),서초구,이디아,37.5705757,126.9305063
926,서대문구청점,서울 서대문구 연희로 237 (연희동),서초구,이디아,37.558745,126.9268426
927,서대문점,서울 서대문구 냉천동,서초구,이디아,37.5675514,126.96317051675607
928,신촌기차역점,서울 서대문구 신촌역로 35 (창천동),서초구,이디아,37.5588347,126.9426887
929,신촌역점,서울 서대문구 신촌로 87-20 (창천동),서초구,이디아,37.5571508,126.9509546
930,아현역점,"서울 서대문구 신촌로35길 10 (북아현동, e편한세상신촌 4단지)",서초구,이디아,37.558287,126.9555071
931,연남동점,서울 서대문구 연희로 42 (연희동),서초구,이디아,37.558745,126.9268426
932,연대서문점,서울 서대문구 연희로10길 86 (연희동),서초구,이디아,37.5660596,126.9328486
933,연세대점,서울 서대문구 연세로12길 10 (창천동),서초구,이디아,37.559339,126.9389781
934,연희삼거리점,서울 서대문구 연희로 117 (연희동),서초구,이디아,37.558745,126.9268426
935,이화여대점,"서울 서대문구 이화여대길 26 (대현동, 이화빌딩)",서초구,이디아,37.5591281,126.9429083
936,충정로3가점,"서울 서대문구 경기대로 26-26 (충정로3가, 더스타일하우스디센트럴)",서초구,이디아,37.5658032,126.9645347
937,홍은사거리점,"서울 서대문구 통일로 510 (홍은동, 북한산 더샵)",서초구,이디아,37.5718039,126.9607046
938,홍제역점,서울 서대문구 홍제동,서초구,이디아,37.58727245,126.94659487799042
939,강남센트럴시티점,"서울 서초구 신반포로 176 (반포동, 센트럴시티)",성북구,이디아,37.505006449999996,127.00423548927489
940,교대역점,"서울 서초구 서초대로56길 22 (서초동, 성운빌딩)",성북구,이디아,37.4932165,127.0174313
941,교육개발원사거리점,"서울 서초구 바우뫼로 180 (양재동, 신송빌딩)",성북구,이디아,37.47548,127.03469
942,구반포역점,"서울 서초구 신반포로 50 (반포동, 구반포상가)",성북구,이디아,37.5030866,126.98980165000002
943,국립중앙도서관디지털관점,"서울 서초구 반포대로 201 (반포동, 국립중앙도서관)",성북구,이디아,37.5023222,127.003268
944,국립중앙도서관본관점,"서울 서초구 반포대로 201 (반포동, 국립중앙도서관)",성북구,이디아,37.5023222,127.003268
945,남부터미널점,서울 서초구 서초동,성북구,이디아,37.48818,127.01751
946,내방역점,"서울 서초구 서초대로 108 (방배동, 삼보빌딩)",성북구,이디아,37.4953126,127.0190518
947,반포지하상가점,"서울 서초구 신반포로 지하 200 (잠원동, 강남터미널지하쇼핑몰)",성북구,이디아,,
948,방배역점,서울 서초구 방배로 87 (방배동),성북구,이디아,37.4961653,126.9883078
949,방배중앙점,"서울 서초구 동광로 1 (방배동, 대양빌딩)",성북구,이디아,37.4921395,126.988803
950,서울고교점,서울 서초구 서초동,성북구,이디아,37.48818,127.01751
951,서울고속버스터미널점,"서울 서초구 신반포로 194 (반포동, 강남고속버스터미널)",성북구,이디아,37.5105046,127.0191612
952,서울교대점,서울 서초구 서초동,성북구,이디아,37.48818,127.01751
953,서초법조타운점,"서울 서초구 서초중앙로24길 7 (서초동, 동천빌딩)",성북구,이디아,37.4954887,127.018228
954,서초역점,서울 서초구 서초동,성북구,이디아,37.48818,127.01751
955,서초우면중앙점,"서울 서초구 양재대로2길 100-11 (우면동, 서초 리슈빌S)",성북구,이디아,37.456471199999996,127.0163292
956,서초점,서울 서초구 서초대로48길 16 (서초동),성북구,이디아,37.4906654,127.0123335
957,신논현역점,서울 서초구 강남대로79길 10 (반포동),성북구,이디아,37.5044111,127.0220042
958,양재AT점,"서울 서초구 동산로 3 (양재동, 한서빌딩)",성북구,이디아,37.471246,127.0437755
959,양재언남점,"서울 서초구 동산로 60 (양재동, 화성빌딩)",성북구,이디아,37.4696368,127.0414121
960,양재점,서울 서초구 남부순환로347길 38 (서초동),성북구,이디아,37.4868354,127.030976
961,양재중앙점,"서울 서초구 강남대로 221 (양재동, 양재역 환승주차장)",성북구,이디아,37.479896,127.0383138
962,양재하나로마트점,"서울 서초구 청계산로 10 (양재동, 농협하나로클럽)",성북구,이디아,37.4614736,127.0460852
963,예술의전당점,"서울 서초구 반포대로 32 (서초동, 원일빌딩)",성북구,이디아,37.5023222,127.003268
964,우면동점,"서울 서초구 바우뫼로 20 (우면동, 고호빌딩)",성북구,이디아,37.47548,127.03469
965,잠원논현점,서울 서초구 신반포로 333 (잠원동),성북구,이디아,37.5105046,127.0191612
966,청계산입구역점,서울 서초구 신원동,성북구,이디아,37.4539864,127.06148792297338
967,포이점,서울 서초구 마방로10길 42 (양재동),성북구,이디아,37.4762121,127.0442536
968,함지박사거리점,서울 서초구 방배로 234 우신빌딩,성북구,이디아,,
969,고대개운점,서울 성북구 개운사길 30 (안암동5가),송파구,이디아,37.5898509,127.0288302
970,고대점,서울 성북구 인촌로 24 (안암동2가),송파구,이디아,,
971,국민대점,서울 성북구 정릉로9라길 8 (정릉동),송파구,이디아,,
972,길음뉴타운점,"서울 성북구 길음로 74 (길음동, 길음 에스에이치빌)",송파구,이디아,37.607969,127.0211093
973,길음중앙점,"서울 성북구 도봉로 11 (길음동, 삼주빌딩)",송파구,이디아,37.6107692,127.030287
974,돈암동점,서울 성북구 동소문로 119 (동선동4가),송파구,이디아,37.5926127,127.0161248
975,돈암아리랑점,"서울 성북구 아리랑로 75 (돈암동, 돈암코오롱하늘채)",송파구,이디아,37.6033487,127.0132998
976,돌곶이역점,서울 성북구 돌곶이로22길 3 (석관동),송파구,이디아,37.6104349,127.0599579
977,동덕여대점,서울 성북구 화랑로 99 (하월곡동),송파구,이디아,37.6023175,127.0358035
978,동소문동점,서울 성북구 동소문로13길 5 (동소문동4가),송파구,이디아,37.5967632,127.0123705
979,보문역점,서울 성북구 보문로 111 (보문동2가),송파구,이디아,37.5865677,127.0186996
980,석계중앙점,서울 성북구 화랑로40길 61 (석관동),송파구,이디아,37.6134072,127.0635429
981,석관동점,"서울 성북구 돌곶이로8길 22 (석관동, 래미안아트리치)",송파구,이디아,37.6069997,127.063592
982,성북구청점,서울 성북구 보문로 162 (삼선동5가),송파구,이디아,37.5865677,127.0186996
983,성신여대역점,서울 성북구 동소문로17길 40 (동소문동6가),송파구,이디아,37.5934902,127.0151727
984,성신여대점,서울 성북구 보문로34길 100 (동선동2가),송파구,이디아,37.5900885,127.0159785
985,월곡1동점,서울 성북구 오패산로 99 (하월곡동),송파구,이디아,37.6107515,127.0351641
986,월곡동아점,서울 성북구 장월로1길 47 (상월곡동),송파구,이디아,37.6060971,127.0450802
987,월곡중앙점,"서울 성북구 종암로 167 (하월곡동, 동일하이빌뉴시티)",송파구,이디아,37.6050584,127.0309893
988,장위2동점,서울 성북구 화랑로25길 14 (장위동),송파구,이디아,37.6094328,127.0521139
989,장위뉴타운점,서울 성북구 장월로 144-1 (장위동),송파구,이디아,37.6194664,127.0534785
990,장위동점,서울 성북구 월계로40길 7 (장위동),송파구,이디아,37.6229462,127.0483959
991,장위북서울꿈의숲점,서울 성북구 돌곶이로41가길 2 (장위동),송파구,이디아,37.6179926,127.0438984
992,장위중앙점,서울 성북구 장위로 35 (장위동),송파구,이디아,37.61579,127.05531
993,정릉뉴타운점,"서울 성북구 정릉로 307 (정릉동, 라온유 아파트)",송파구,이디아,37.6092586,126.9974291
994,정릉아리랑점,"서울 성북구 북악산로 851 (정릉동, 정릉2차 e-편한세상)",송파구,이디아,37.5995,127.01739
995,정릉점,서울 성북구 보국문로 77 (정릉동),송파구,이디아,37.604585,127.0117025
996,정릉중앙점,서울 성북구 정릉로 251 (정릉동),송파구,이디아,37.6092586,126.9974291
997,종암동점,서울 성북구 종암로 105 (종암동),송파구,이디아,37.6031541,127.0322776
998,하월곡동점,서울 성북구 오패산로 16 (하월곡동),송파구,이디아,37.6036618,127.037557
999,한성대역점,서울 성북구 동소문로 19 (동소문동1가),송파구,이디아,37.5926127,127.0161248
1000,한성대점,서울 성북구 삼선교로 10 (삼선동1가),송파구,이디아,37.5892308,127.0131998
1001,가든파이브점,"서울 송파구 충민로 10 (문정동, 가든파이브툴)",양천구,이디아,37.4781296,127.1195944
1002,가든파이브테크노관점,"서울 송파구 충민로 66 (문정동, 가든파이브라이프)",양천구,이디아,37.4775778,127.1249983
1003,가락몰점,"서울 송파구 양재대로 932 (가락동, 가락몰 판매동)",양천구,이디아,37.4964535,127.1134771
1004,가락중앙점,서울 송파구 송이로 87 (가락동),양천구,이디아,37.5002912,127.1187956
1005,개롱역점,"서울 송파구 오금로 407 (오금동, 상아아파트)",양천구,이디아,37.5112471,127.1098477
1006,거여점,서울 송파구 오금로 497 (거여동),양천구,이디아,37.5112471,127.1098477
1007,마천사거리점,"서울 송파구 마천로 264 (거여동, 흥일빌딩)",양천구,이디아,37.4981159,127.1461104
1008,문정KDU타워점,"서울 송파구 정의로 70 (문정동, 케이디유타워)",양천구,이디아,37.4860411,127.11551171878222
1009,문정문현점,서울 송파구 새말로8길 30 (문정동),양천구,이디아,37.48067,127.12674
1010,문정중앙점,서울 송파구 문정로 31-1 (문정동),양천구,이디아,37.490382,127.1334216
1011,문정테라타워점,"서울 송파구 송파대로 167 (문정동, 문정역테라타워)",양천구,이디아,37.4852945,127.1221507
1012,방이미성점,"서울 송파구 오금로 251 (방이동, 잠실3차한양아파트)",양천구,이디아,37.5112471,127.1098477
1013,방이시장점,서울 송파구 백제고분로48길 3 (방이동),양천구,이디아,37.5110368,127.1154926
1014,방이역점,서울 송파구 위례성대로18길 32 (방이동),양천구,이디아,37.5098375,127.1250855
1015,방이초교점,서울 송파구 가락로 280 (방이동),양천구,이디아,37.50442,127.11452
1016,삼전역점,서울 송파구 백제고분로 263 (삼전동),양천구,이디아,37.5093859,127.0790844
1017,서울삼성내과점,"서울 송파구 백제고분로 126 (잠실동, 오룡빌딩)",양천구,이디아,37.5093859,127.0790844
1018,석촌백제점,"서울 송파구 백제고분로39길 15 (석촌동, 삼경빌딩)",양천구,이디아,37.5065626,127.1039647
1019,석촌사거리점,"서울 송파구 송파대로 409 (석촌동, 범양빌딩)",양천구,이디아,37.5075533,127.105217
1020,석촌역점,"서울 송파구 송파대로 456 (송파동, 웅현빌딩)",양천구,이디아,37.5075533,127.105217
1021,송파동점,"서울 송파구 백제고분로41길 5 (송파동, 태원빌딩)",양천구,이디아,37.5068574,127.1083059
1022,송파문정점,서울 송파구 송이로 159 (가락동),양천구,이디아,37.5002912,127.1187956
1023,송파올림픽훼미리타운점,"서울 송파구 중대로 24 (문정동, 올림픽훼밀리타운 아카데미 상가)",양천구,이디아,37.5041995,127.1302592
1024,송파위례점,"서울 송파구 위례광장로 188 (장지동, 아이온스퀘어)",양천구,이디아,37.481226649999996,127.14248774455531
1025,송파잠실점,서울 송파구 삼전로 95 (잠실동),양천구,이디아,37.5043628,127.0880067
1026,송파파인타운점,"서울 송파구 충민로2길 28 (장지동, 대진플라자2)",양천구,이디아,37.478332,127.1272028
1027,송파풍납점,서울 송파구 강동대로9길 17-1 (풍납동),양천구,이디아,37.527272,127.1161564
1028,송파하비오점,"서울 송파구 송파대로 111 (문정동, 파크하비오)",양천구,이디아,37.4821235,127.1238883
1029,송파한양점,"서울 송파구 가락로 165 (송파동, 위례캐슬빌)",양천구,이디아,37.50442,127.11452
1030,오금점,"서울 송파구 오금로 306 (가락동, 가락스타클래스)",양천구,이디아,37.5112471,127.1098477
1031,오금중앙점,"서울 송파구 위례성대로22길 18 (오금동, 이시돌빌딩)",양천구,이디아,37.5087075,127.1307206
1032,올림픽공원점,서울 송파구 올림픽로 354 (방이동),양천구,이디아,37.514709,127.1041987
1033,올림픽프라자점,서울 송파구 양재대로 1222 (방이동),양천구,이디아,37.515800150000004,127.1314447768413
1034,위례아이파크점,"서울 송파구 위례광장로 136 (장지동, 위례아이파크)",양천구,이디아,37.4755135,127.1419527
1035,위례포레샤인점,"서울 송파구 위례순환로 477 (장지동, 위례포레샤인23단지)",양천구,이디아,37.4783978,127.1379054
1036,잠실나루역점,"서울 송파구 올림픽로35길 104 (신천동, 장미아파트)",양천구,이디아,37.5199253,127.1129084
1037,잠실본동점,"서울 송파구 백제고분로 172 (잠실동, 제이케이빌딩)",양천구,이디아,37.5093859,127.0790844
1038,잠실역점,"서울 송파구 송파대로 567 (잠실동, 잠실주공아파트)",양천구,이디아,37.5161906,127.0930921
1039,잠실월드점,"서울 송파구 올림픽로35가길 9 (신천동, 잠실 푸르지오 월드마크)",양천구,이디아,37.5175823,127.1032186
1040,종합운동장역점,"서울 송파구 올림픽로 76 (잠실동, J타워)",양천구,이디아,37.5115999,127.0791398
1041,CBS본사점,서울 양천구 목동서로 159-1 (목동),영등포구,이디아,37.5284314,126.8703816
1042,강서초교점,서울 양천구 오목로 48 (신월동),영등포구,이디아,37.5256204,126.8678494
1043,목3동점,"서울 양천구 목동중앙북로 38 (목동, 롯데캐슬위너아파트)",영등포구,이디아,37.5479202,126.86702409623555
1044,목4동점,서울 양천구 목동중앙본로7길 46 (목동),영등포구,이디아,37.5396176,126.8670836
1045,목동남부점,서울 양천구 목동남로 46 (신정동),영등포구,이디아,37.5070967,126.8609445
1046,목동등촌로점,서울 양천구 등촌로 180 (목동),영등포구,이디아,37.540304,126.8639268
1047,목동로데오점,서울 양천구 목동로 219 (신정동),영등포구,이디아,37.5277099,126.8642241
1048,목동신목점,"서울 양천구 목동중앙로 85 (목동, 강산아파트)",영등포구,이디아,37.5320299,126.8682728
1049,목동신트리점,"서울 양천구 신정로 312 (신정동, 뉴프라자)",영등포구,이디아,37.5093557,126.8433406
1050,목동아델리체점,"서울 양천구 중앙로43길 14 (신정동, 래미안 목동아델리체)",영등포구,이디아,37.5189406,126.852633
1051,목동역점,서울 양천구 오목로 227 (신정동),영등포구,이디아,37.5256204,126.8678494
1052,목동중앙점,"서울 양천구 목동서로 287 (신정동, 동문비젼오피스텔)",영등포구,이디아,37.5284314,126.8703816
1053,목동파라곤점,서울 양천구 목동서로 155 (목동),영등포구,이디아,37.5284314,126.8703816
1054,목동파리공원점,서울 양천구 목동동로 379 (목동),영등포구,이디아,37.528537,126.87645
1055,서남병원점,서울 양천구 신정동,영등포구,이디아,37.5163163,126.86344546388932
1056,신월5동점,서울 양천구 화곡로 50 (신월동),영등포구,이디아,37.5392725,126.8241467
1057,신월7동점,서울 양천구 지양로 79 (신월동),영등포구,이디아,37.5184164,126.8374939
1058,신월사거리점,서울 양천구 남부순환로 353 (신월동),영등포구,이디아,37.5016637,126.8464654
1059,신월신곡시장점,서울 양천구 신월로 172 (신월동),영등포구,이디아,37.5169758,126.8391531
1060,신정교점,서울 양천구 신목로 36 (신정동),영등포구,이디아,37.52243,126.8745212
1061,신정네거리역점,서울 양천구 중앙로 282 (신정동),영등포구,이디아,37.5200056,126.8529921
1062,신정서부점,서울 양천구 신정로11길 50-15 (신정동),영등포구,이디아,37.5098415,126.8397489
1063,신정역점,서울 양천구 오목로 155 (신정동),영등포구,이디아,37.5256204,126.8678494
1064,양천구청점,서울 양천구 목동동로 63 (신정동),영등포구,이디아,37.528537,126.87645
1065,오목교대학학원점,서울 양천구 오목로 319 (목동),영등포구,이디아,37.5256204,126.8678494
1066,오목교역점,서울 양천구 신목로 102 (목동),영등포구,이디아,37.5158024,126.8760521
1067,KBS별관점,"서울 영등포구 국제금융로8길 27-9 (여의도동, 동북빌딩)",은평구,이디아,37.5207125,126.9286332
1068,국회대로점,"서울 영등포구 국회대로72길 4 (여의도동, 아이비피아빌딩)",은평구,이디아,37.5296402,126.920877
1069,국회의사당역점,"서울 영등포구 의사당대로 22 (여의도동, 이룸센터)",은평구,이디아,37.5240804,126.9221394
1070,남부고용센터점,서울 영등포구 양산로 71 (양평동3가),은평구,이디아,37.5258921,126.8897241
1071,당산버드나루점,서울 영등포구 버드나루로 87 (영등포동7가),은평구,이디아,37.5184093,126.9123808
1072,당산역점,"서울 영등포구 당산로 222 (당산동5가, 당산디오빌)",은평구,이디아,37.5320286,126.9003117
1073,당산중앙점,서울 영등포구 당산로 159 (당산동4가),은평구,이디아,37.5320286,126.9003117
1074,대림1동점,서울 영등포구 도림로 198 (대림동),은평구,이디아,37.5159068,126.8915583
1075,대림3동점,서울 영등포구 대림로 212 (대림동),은평구,이디아,37.50165,126.89696
1076,대림역점,서울 영등포구 도림로31길 2 (대림동),은평구,이디아,,
1077,도림사거리점,서울 영등포구 도림로 326 (신길동),은평구,이디아,37.5159068,126.8915583
1078,도림점,"서울 영등포구 도신로15길 40 (도림동, 도림빌딩)",은평구,이디아,37.5070684,126.8976872
1079,라이프점,"서울 영등포구 63로 40 (여의도동, 라이프오피스텔)",은평구,이디아,37.5192018,126.937434
1080,문래역점,서울 영등포구 문래로 89 (문래동3가),은평구,이디아,37.5183029,126.9034752
1081,보라매역점,서울 영등포구 여의대방로 141 (신길동),은평구,이디아,37.5110319,126.9247355
1082,서여의도점,"서울 영등포구 국회대로72길 17 (여의도동, KCC파크타운)",은평구,이디아,37.5296402,126.920877
1083,선유도역점,서울 영등포구 양평로 126 (양평동5가),은평구,이디아,37.5366186,126.8964835
1084,신길성애병원점,서울 영등포구 여의대방로53길 27 (신길동),은평구,이디아,37.5121602,126.9209712
1085,신길썬프라자점,서울 영등포구 신길로 42 (신길동),은평구,이디아,37.4996404,126.9086814
1086,신길아이파크점,서울 영등포구 도림로 280 (신길동),은평구,이디아,37.5159068,126.8915583
1087,신길역점,서울 영등포구 영등포로 353 (신길동),은평구,이디아,37.5184309,126.9126393
1088,신길중앙점,서울 영등포구 도신로 229 (신길동),은평구,이디아,37.5115607,126.9146672
1089,신풍역점,서울 영등포구 신풍로 52-1 (신길동),은평구,이디아,37.5002009,126.9059613
1090,양평동2가점,"서울 영등포구 선유서로25길 19 (양평동2가, 오목교투웨니퍼스트)",은평구,이디아,37.5250098,126.8840137
1091,여의나루역점,서울 영등포구 여의나루로 113 (여의도동),은평구,이디아,37.5218671,126.9245617
1092,여의도농협재단점,"서울 영등포구 국제금융로8길 2 (여의도동, 농협재단빌딩)",은평구,이디아,37.521419,126.9268305
1093,여의도역점,"서울 영등포구 의사당대로 108 (여의도동, 아일렉스)",은평구,이디아,37.5240804,126.9221394
1094,영등포knk점,"서울 영등포구 영신로 220 (영등포동8가, KnK디지털타워)",은평구,이디아,37.5194164,126.9009915
1095,영등포구청점,서울 영등포구 당산로 110 (당산동3가),은평구,이디아,37.5320286,126.9003117
1096,영등포그랜드점,"서울 영등포구 양산로9길 15 (양평동3가, 그랜드타워)",은평구,이디아,37.5268136,126.8886023
1097,영등포본동점,서울 영등포구 영신로19길 15 (영등포동),은평구,이디아,37.5141035,126.9074809
1098,영등포시장점,서울 영등포구 영등포로35길 19 (영등포동6가),은평구,이디아,37.52148,126.9043777
1099,영등포아크로타워점,"서울 영등포구 국회대로54길 10 (영등포동7가, 아크로타워 스퀘어)",은평구,이디아,37.52386935,126.90765673896279
1100,영등포에이스점,서울 영등포구 경인로 775 (문래동3가),은평구,이디아,37.5211643,126.9168781
1101,영등포점,서울 영등포구 영중로 16-1 (영등포동3가),은평구,이디아,37.5311849,126.9057521
1102,영등포중앙점,서울 영등포구 영중로 37 (영등포동4가),은평구,이디아,37.5167442,126.9065388
1103,영등포코레일점,"서울 영등포구 경인로 846 (영등포동, 영등포 민자역사)",은평구,이디아,37.5156447,126.9076335
1104,영등포홈플러스점,"서울 영등포구 당산로 42 (문래동3가, 홈플러스)",은평구,이디아,37.5320286,126.9003117
1105,한강성심병원점,서울 영등포구 버드나루로 51 (영등포동2가),은평구,이디아,37.5184093,126.9123808
1106,한국수출입은행점,"서울 영등포구 은행로 38 (여의도동, 한국수출입은행빌딩)",은평구,이디아,37.52862535,126.92344513442816
1107,힐스테이트클래시안점,"서울 영등포구 신길로28길 9 (신길동, 힐스테이트 클래시안)",은평구,이디아,37.5025521,126.9117251
1108,갈현점,서울 은평구 갈현로 268 (갈현동),종로구,이디아,37.6004701,126.9102787
1109,구산사거리점,서울 은평구 서오릉로 195 (구산동),종로구,이디아,37.6134543,126.9117809364077
1110,구산역점,서울 은평구 연서로 148 (대조동),종로구,이디아,37.6094,126.9162
1111,구파발역점,"서울 은평구 진관2로 29-21 (진관동, 드림스퀘어)",종로구,이디아,37.63576585,126.9193944968631
1112,녹번동점,"서울 은평구 진흥로 156 (녹번동, 신명빌딩)",종로구,이디아,37.6103217,126.9469282
1113,녹번중앙점,"서울 은평구 통일로 635 (녹번동, 녹번동메카오피스텔)",종로구,이디아,37.6227948,126.9198167
1114,독바위역점,"서울 은평구 불광로 128 (불광동, 배진하우스)",종로구,이디아,37.6099029,126.9283073
1115,백련산아이파크점,"서울 은평구 응암로 264 (응암동, 서울빌딩)",종로구,이디아,37.604123,126.9226341
1116,본서부병원점,"서울 은평구 응암로 337 (응암동, 빛터룩스 빌딩)",종로구,이디아,37.604123,126.9226341
1117,불광역점,서울 은평구 통일로 731 (대조동),종로구,이디아,37.6227948,126.9198167
1118,불광연서로점,서울 은평구 연서로 275 (불광동),종로구,이디아,37.6094,126.9162
1119,불광중앙점,서울 은평구 불광로 59 (불광동),종로구,이디아,37.6099029,126.9283073
1120,새절역점,서울 은평구 가좌로 272 (신사동),종로구,이디아,37.5931553,126.9136511
1121,수색역점,서울 은평구 수색로 250 (수색동),종로구,이디아,37.5882114,126.8858435
1122,역촌동점,서울 은평구 갈현로 82 (역촌동),종로구,이디아,37.6004701,126.9102787
1123,역촌사거리점,서울 은평구 서오릉로 100 (대조동),종로구,이디아,37.6036676,126.9252525
1124,역촌진흥로점,서울 은평구 진흥로1길 3 (역촌동),종로구,이디아,37.6054699,126.9178233
1125,연신내역점,서울 은평구 통일로 855-9 (갈현동),종로구,이디아,37.6115215,126.9290277
1126,연신내중앙점,서울 은평구 통일로 825 (대조동),종로구,이디아,37.6227948,126.9198167
1127,연신내통일로점,서울 은평구 통일로 876 (불광동),종로구,이디아,37.6227948,126.9198167
1128,은평구청점,서울 은평구 은평로 197 (녹번동),종로구,이디아,37.6011916,126.9318376
1129,은평뉴타운점,"서울 은평구 진관3로 70 (진관동, 은평뉴타운상림마을)",종로구,이디아,37.6390892,126.9182425
1130,은평이마트점,"서울 은평구 은평로 111 (응암동, 은평이마트)",종로구,이디아,37.6003292,126.92022829345238
1131,응암역점,"서울 은평구 연서로 9 (역촌동, 센타폴리스)",종로구,이디아,37.6000971,126.9157339
1132,응암오거리점,서울 은평구 응암로 211 (응암동),종로구,이디아,37.604123,126.9226341
1133,응암중앙점,서울 은평구 응암로 183 (응암동),종로구,이디아,37.604123,126.9226341
1134,증산동점,서울 은평구 증산서길 78 (증산동),종로구,이디아,37.58337075,126.90653995
1135,경복궁역점,서울 종로구 자하문로 7 (체부동),중구,이디아,37.59138,126.96482
1136,광화문점,서울 종로구 세종대로23길 15 (도렴동),중구,이디아,37.5716133,126.9745422
1137,광화문트윈트리타워점,"서울 종로구 율곡로 6 (중학동, 트윈 트리 빌딩)",중구,이디아,37.57516535,126.98011554322946
1138,낙원동점,서울 종로구 낙원동,중구,이디아,37.578552,126.984096
1139,대학로점,서울 종로구 대학로10길 17 (동숭동),중구,이디아,37.5823924,127.0029618
1140,독립문역점,서울 종로구 통일로 266 (무악동),중구,이디아,37.566415,126.9660112
1141,동대문역점,"서울 종로구 율곡로 286 (종로6가, 야드인빌딩)",중구,이디아,37.5754112,126.9828177
1142,동묘역점,서울 종로구 종로 354 (숭인동),중구,이디아,37.5704095,126.9926512
1143,방통대점,서울 종로구 대학로 81-1 (연건동),중구,이디아,37.5736536,127.0020522
1144,배화여대점,서울 종로구 필운대로1길 35 (필운동),중구,이디아,37.57777885,126.96752644173802
1145,북촌마을점,서울 종로구 북촌로5길 39 (화동),중구,이디아,37.5796728,126.9818767
1146,삼일빌딩점,서울 종로구 삼일대로15길 13 (관철동),중구,이디아,37.5688374,126.9868951
1147,상명대점,서울 종로구 홍지동,중구,이디아,37.60061735,126.9563763921786
1148,성균관대점,서울 종로구 성균관로 8 (명륜2가),중구,이디아,37.5894396,126.9976609
1149,숭인점,서울 종로구 숭인동길 6 (숭인동),중구,이디아,37.5760493,127.0217865
1150,신설점,서울 종로구 난계로29길 30 (숭인동),중구,이디아,37.5731648,127.0199596
1151,종각점,서울 종로구 삼일대로19길 24 (관철동),중구,이디아,37.5695694,126.9869109
1152,종로3가점,서울 종로구 종로 126 (종로3가),중구,이디아,37.5710709,127.0038782
1153,종로4가점,서울 종로구 김상옥로 1 (인의동),중구,이디아,37.5735475,127.0065484
1154,종로5가점,서울 종로구 대학로 33 (효제동),중구,이디아,37.5736536,127.0020522
1155,종로교차로점,서울 종로구 동호로 406-1 (종로5가),중구,이디아,37.5697327,127.0020223
1156,종로구청점,서울 종로구 수송동,중구,이디아,37.578552,126.984096
1157,종로르메이에르점,서울 종로구 종로1가 르메이에르종로타운,중구,이디아,,
1158,종로삼일대로점,서울 종로구 삼일대로 390-1 (관철동),중구,이디아,37.5730618,126.9878085
1159,종로타워점,"서울 종로구 종로 51 (종로2가, 종로타워)",중구,이디아,37.5707012,126.98356491452141
1160,창덕궁점,서울 종로구 돈화문로 41-1 (묘동),중구,이디아,37.5695762,126.9922873
1161,창신동점,서울 종로구 종로 316-1 (창신동),중구,이디아,37.5701335,126.985747
1162,창신중앙점,서울 종로구 지봉로 64 (숭인동),중구,이디아,37.5699568,127.0158565
1163,탑골공원점,서울 종로구 낙원동,중구,이디아,37.578552,126.984096
1164,혜화동로터리점,서울 종로구 혜화로 3-1 (혜화동),중구,이디아,37.5875025,126.9998726
1165,혜화역점,서울 종로구 창경궁로 258-15 (명륜2가),중구,이디아,37.5707237,126.9977713
1166,IBK본점,"서울 중구 을지로 79 (을지로2가, 기업은행)",강동구,이디아,37.5666781,127.0003104
1167,YTN점,서울 중구 세종대로1길 11 (봉래동1가),강동구,이디아,37.5582934,126.9725207
1168,광희동점,서울 중구 마른내로 165-1 (광희동1가),강동구,이디아,37.5643193,126.9973687
1169,다동점,서울 중구 다동길 46 (다동),강동구,이디아,37.56782,126.98173661229148
1170,동국대후문점,"서울 중구 창경궁로 2 (충무로5가, 남경빌딩)",강동구,이디아,37.5680211,126.997999
1171,동대문점,서울 중구 을지로43길 38 (을지로6가),강동구,이디아,37.567008,127.0071137
1172,동평화점,서울 중구 청계천로 318 (신당동),강동구,이디아,37.5686355,126.9823648
1173,만리동고개점,"서울 중구 만리재로 175 (만리동2가, 서울역센트럴자이),402동 102호",강동구,이디아,37.553490800000006,126.9630962100162
1174,명동역점,서울 중구 퇴계로 103 (충무로1가),강동구,이디아,37.5569815,126.9726925
1175,북창동점,서울 중구 남대문로1길 57-1 (태평로2가),강동구,이디아,37.5629075,126.977303
1176,서소문점,서울 중구 서소문로11길 8 (서소문동),강동구,이디아,37.5642501,126.9728393
1177,서울시청점,"서울 중구 세종대로20길 23 (무교동, 원창빌딩)",강동구,이디아,37.5670024,126.9781588
1178,세종로점,서울 중구 세종대로21길 67 (태평로1가),강동구,이디아,37.5676145,126.9757627
1179,신당점,서울 중구 다산로35길 11 (신당동),강동구,이디아,37.5632279,127.0153911
1180,신당중앙점,서울 중구 퇴계로 455 (황학동),강동구,이디아,37.5611737,126.9886592
1181,약수역점,서울 중구 동호로 186-13 (신당동),강동구,이디아,37.5681029,127.002153
1182,오장동점,서울 중구 마른내로 109-1 (오장동),강동구,이디아,37.5643193,126.9973687
1183,을지로3가점,서울 중구 수표로 45 (저동2가),강동구,이디아,37.5639889,126.9901567
1184,정동점,서울 중구 정동길 2-1 (정동),강동구,이디아,37.5672063,126.9713103
1185,중림점,서울 중구 청파로 464 (중림동),강동구,이디아,37.5573266,126.969198
1186,청구역점,서울 중구 다산로 181-2 (신당동),강동구,이디아,37.567665,127.0160853
1187,충무로3가점,서울 중구 퇴계로27길 31 (충무로3가),강동구,이디아,37.5628642,126.9913133
1188,충무로점,서울 중구 퇴계로 188 (필동1가),강동구,이디아,37.560870699999995,126.99251550320074
1189,충무아트홀점,서울 중구 퇴계로 381-1 (신당동),강동구,이디아,37.5638489,127.0054581
1190,충무필동점,서울 중구 퇴계로 218-5 (필동2가),강동구,이디아,37.5569815,126.9726925
1191,충정로역점,"서울 중구 중림로 10 (중림동, 중림동 삼성 사이버 빌리지)",강동구,이디아,37.558289,126.9666258
1192,태평로점,서울 중구 세종대로11길 26 (서소문동),강동구,이디아,37.561896,126.9752689
1193,한국은행점,서울 중구 남대문로 29-2 (남대문로3가),강동구,이디아,37.5604945,126.9751716
1194,황학롯데캐슬점,"서울 중구 청계천로 400 (황학동, 롯데캐슬베네치아)",강동구,이디아,37.571123,127.02223014328246
1195,회현SK리더스점,"서울 중구 퇴계로 72 (회현동1가, 리더스뷰남산)",강동구,이디아,37.5608811,126.9950829
1196,강동SK허브점,"서울 강동구 천호대로 1107 (길동, 강동역에스케이허브)",구로구,이디아,37.5416513,127.1167334
1197,강동구청점,"서울 강동구 성내로6길 20 (성내동, 청일 베르네)",구로구,이디아,37.528251,127.1222508
1198,강동신명초교점,"서울 강동구 명일로 260 (길동, 길동신동아아파트)",구로구,이디아,37.55213,127.14981
1199,강동역점,"서울 강동구 천호대로 1065 (천호동, 강동상떼빌)",구로구,이디아,37.5416513,127.1167334
1200,강일점,"서울 강동구 아리수로93길 19 (강일동, 임페리얼타워)",구로구,이디아,37.5683206,127.174389
1201,고덕그라시움후문점,서울 강동구 동남로82길 121 (고덕동),구로구,이디아,37.5609074,127.1577464
1202,고덕래미안힐스점,"서울 강동구 아리수로50길 50 (고덕동, 래미안힐스테이트고덕)",구로구,이디아,37.5588261,127.1488077
1203,고덕점,"서울 강동구 동남로75길 19 (명일동, 명일빌딩)",구로구,이디아,37.553735,127.1557531
1204,굽은다리역점,서울 강동구 양재대로 1543 (천호동),구로구,이디아,37.5457779,127.1430009
1205,길동사거리점,서울 강동구 천호대로 1132 (성내동),구로구,이디아,37.5416513,127.1167334
1206,길동역점,서울 강동구 양재대로 1471 (길동),구로구,이디아,37.5457779,127.1430009
1207,길동중앙점,서울 강동구 명일로 200 (길동),구로구,이디아,37.55213,127.14981
1208,둔촌점,서울 강동구 양재대로 1377 (성내동),구로구,이디아,37.5457779,127.1430009
1209,명일중앙점,"서울 강동구 상암로 210 (명일동, 명일현대종합상가)",구로구,이디아,37.54671,127.15022
1210,보훈병원점,"서울 강동구 명일로 110 (둔촌동, 둔촌동암펠로스타워)",구로구,이디아,37.55213,127.14981
1211,상일리엔파크점,"서울 강동구 상일로 74 (상일동, 고덕리엔파크3단지아파트)",구로구,이디아,37.553051,127.1723493
1212,암사3동점,"서울 강동구 고덕로 140 (암사동, 프라이어팰리스)",구로구,이디아,37.5546599,127.1501693
1213,암사역점,"서울 강동구 올림픽로 782 (암사동, 501타워)",구로구,이디아,37.5524266,127.1283801
1214,암사중앙점,"서울 강동구 암사길 50 (암사동, 제이빌더스)",구로구,이디아,37.552223,127.1375409
1215,올림픽북문점,서울 강동구 성안로 7 (성내동),구로구,이디아,37.5340183,127.133707
1216,천호로데오점,서울 강동구 천호대로 1027 (천호동),구로구,이디아,37.5416513,127.1167334
1217,천호역점,서울 강동구 천호대로 1006 (성내동),구로구,이디아,37.5416513,127.1167334
1218,천호중앙점,"서울 강동구 올림픽로 660 (천호동, 천호엘크루주상복합)",구로구,이디아,37.5524266,127.1283801
1219,천호초교사거리점,"서울 강동구 구천면로 304 (천호동, 일주빌딩)",구로구,이디아,37.5448877,127.1131364
1220,천호현대점,서울 강동구 올림픽로 665 (천호동),구로구,이디아,37.5524266,127.1283801
1221,개봉북부점,서울 구로구 경인로40길 12 (개봉동),동대문구,이디아,37.4957125,126.8582729
1222,개봉역점,서울 구로구 남부순환로97길 11 (개봉동),동대문구,이디아,37.4938746,126.8583738
1223,개봉중앙점,서울 구로구 개봉로3길 26 (개봉동),동대문구,이디아,37.4853273,126.85354
1224,개봉현대점,서울 구로구 개봉로 69 (개봉동),동대문구,이디아,37.4971788,126.8564485
1225,고대구로병원점,서울 구로구 구로동로 157 (구로동),동대문구,이디아,37.4917453,126.8837663
1226,고척사거리점,"서울 구로구 고척로 228-6 (고척동, 종만빌딩)",동대문구,이디아,37.5024227,126.8487988
1227,고척스카이돔점,"서울 구로구 경인로 397 (고척동, 골든타워빌딩)",동대문구,이디아,37.4978622,126.852714
1228,구로NC점,서울 구로구 구로동로 240 (구로동),동대문구,이디아,37.4917453,126.8837663
1229,구로거리공원점,서울 구로구 구로중앙로28길 73 (구로동),동대문구,이디아,37.49954,126.88761
1230,구로고척점,"서울 구로구 고척로 149 (고척동, 상암빌딩)",동대문구,이디아,37.5024227,126.8487988
1231,구로궁동점,서울 구로구 오리로 1304 (궁동) 1층,동대문구,이디아,37.4836901,126.8411263
1232,구로미성점,"서울 구로구 구로중앙로 228 (신도림동, 기임빌딩)",동대문구,이디아,37.5030081,126.8798118
1233,구로에이스점,서울 구로구 디지털로33길 11 (구로동),동대문구,이디아,37.4856752,126.89548050682276
1234,구로역광장점,"서울 구로구 경인로 572 (구로동, 스타팰리스)",동대문구,이디아,37.4978622,126.852714
1235,구로이마트점,서울 구로구 디지털로32길 43 (구로동),동대문구,이디아,37.4844191,126.89791567238379
1236,구로중앙점,서울 구로구 도림로 79 (구로동),동대문구,이디아,37.4921431,126.8956839
1237,구로코레일점,"서울 구로구 구로중앙로 174 (구로동, 구로역)",동대문구,이디아,37.5034468,126.8825086
1238,구로항동지구점,"서울 구로구 항동로3길 6 (항동, 가온 프라자)",동대문구,이디아,37.48078795,126.82432843630653
1239,구일역점,"서울 구로구 구일로 110 (구로동, 해원리버파크)",동대문구,이디아,37.49244005,126.8741792
1240,남구로역점,서울 구로구 디지털로27길 127 (가리봉동),동대문구,이디아,37.48409,126.89027
1241,동양미래대학점,서울 구로구 경인로47길 14 (고척동),동대문구,이디아,37.5043727,126.8634297
1242,메르디앙고척점,"서울 구로구 중앙로8길 11 (고척동, 고척 월드메르디앙)",동대문구,이디아,37.502333,126.8633577
1243,성공회대점,서울 구로구 연동로 312 (항동),동대문구,이디아,37.486476,126.8236499
1244,신도림메르디앙점,"서울 구로구 신도림로 65 (신도림동, 신도림월드메르디앙오피스텔)",동대문구,이디아,37.511335,126.8850557
1245,신도림테크노마트점,서울 구로구 새말로 97 (구로동),동대문구,이디아,37.5016103,126.8817646
1246,오류남부점,서울 구로구 오류로8길 65 (오류동),동대문구,이디아,37.4929813,126.8451297
1247,오류북부역점,서울 구로구 경인로20길 6 (오류동),동대문구,이디아,37.4958874,126.843552
1248,천왕이펜하우스점,서울 구로구 천왕로 36 (천왕동),동대문구,이디아,37.4854029,126.8377697
1249,경희대점,서울 동대문구 경희대로 4 (회기동),성동구,이디아,37.5926082,127.0525222
1250,경희대캠퍼스점,"서울 동대문구 경희대로 26 (회기동, 경희대학교,경희초,중,고,여자중고등학교)",성동구,이디아,37.5971213,127.05198672345011
1251,답십리사거리점,서울 동대문구 답십리로 145 (답십리동),성동구,이디아,37.5769488,127.0456176
1252,답십리역점,서울 동대문구 천호대로 265 (답십리동),성동구,이디아,37.573535,127.0400874
1253,답십리파크자이점,"서울 동대문구 한천로 55 (답십리동, 영진빌딩)",성동구,이디아,37.5840067,127.0681085
1254,동대문구청점,서울 동대문구 천호대로 153-1 (용두동),성동구,이디아,37.5712645,127.045809
1255,동부병원사거리점,서울 동대문구 무학로 104 (용두동),성동구,이디아,37.571983,127.0305029
1256,배봉초교사거리점,서울 동대문구 답십리로63길 131 (장안동),성동구,이디아,37.5755241,127.0683639
1257,서울시립대점,"서울 동대문구 서울시립대로 164 (전농동, 도석프라자)",성동구,이디아,37.57297,127.04505
1258,외대점,서울 동대문구 휘경로 12 (이문동),성동구,이디아,37.5941689,127.0665326
1259,용두동사거리점,서울 동대문구 왕산로 68 (용두동),성동구,이디아,37.5757664,127.0234611
1260,용두동점,서울 동대문구 고산자로 413-1 (용두동),성동구,이디아,37.5834426,127.0385958
1261,이문점,서울 동대문구 신이문로 19 (이문동),성동구,이디아,37.60301,127.0647751
1262,장안동사거리점,서울 동대문구 답십리로 309 (장안동),성동구,이디아,37.5769488,127.0456176
1263,장안동점,서울 동대문구 장한로 43 (장안동),성동구,이디아,37.5687297,127.0694493
1264,장안중랑천점,서울 동대문구 장한로18길 32 (장안동),성동구,이디아,37.567807,127.0724761
1265,장안중앙점,서울 동대문구 사가정로25길 42 (장안동),성동구,이디아,37.580046,127.070602
1266,장한평군자초교점,서울 동대문구 한천로2길 53 (장안동),성동구,이디아,37.5627744,127.061308
1267,전농뉴타운점,서울 동대문구 답십리로 77 (전농동),성동구,이디아,37.5769488,127.0456176
1268,전농사거리점,서울 동대문구 사가정로 132 (전농동),성동구,이디아,37.5788237,127.0713429
1269,청량리점,서울 동대문구 왕산로 225 (청량리동),성동구,이디아,37.5820199,127.04714894018358
1270,촬영소사거리점,서울 동대문구 답십리로 264 (장안동),성동구,이디아,37.5769488,127.0456176
1271,회기역점,"서울 동대문구 망우로 67 (휘경동, 효자 워너빌)",성동구,이디아,37.5878027,127.0549453
1272,회기역중앙점,서울 동대문구 회기로 194-1 (휘경동),성동구,이디아,37.5900593,127.057953
1273,논골사거리점,서울 성동구 난계로 35 (금호동1가),용산구,이디아,37.557487,127.0246581
1274,답십리로데오점,서울 성동구 용답19길 17-1 (용답동),용산구,이디아,37.5631613,127.0521819
1275,뚝섬역점,서울 성동구 상원길 38-1 (성수동1가),용산구,이디아,37.5489341,127.0480988
1276,마장동점,서울 성동구 고산자로 339-2 (마장동),용산구,이디아,37.553546,127.0347296
1277,마장역점,서울 성동구 마장로 293-1 (마장동),용산구,이디아,37.5678561,127.0236724
1278,상왕십리역점,서울 성동구 무학봉15길 27 (하왕십리동),용산구,이디아,37.5617625,127.0309913
1279,서울숲역점,서울 성동구 왕십리로 96-1 (성수동1가),용산구,이디아,37.549734,127.0441677
1280,성동구청점,서울 성동구 고산자로 269 (도선동),용산구,이디아,37.553546,127.0347296
1281,성수2가점,서울 성동구 성덕정길 106 (성수동2가),용산구,이디아,37.5379284,127.0521729
1282,성수아카데미점,서울 성동구 성수이로 118 (성수동2가),용산구,이디아,37.5421492,127.0562483
1283,성수우리W타워점,서울 성동구 아차산로15길 19 (성수동2가),용산구,이디아,37.5463281,127.0635349
1284,성수중앙점,"서울 성동구 성수일로6길 47 (성수동2가, 현성빌딩)",용산구,이디아,37.5447934,127.0531656
1285,신금호역점,서울 성동구 금호산길 64 (금호동2가),용산구,이디아,37.5518448,127.0193979
1286,옥수동점,서울 성동구 매봉길 12 (옥수동),용산구,이디아,37.5454009,127.0160194
1287,옥수역점,서울 성동구 한림말5길 9 (옥수동),용산구,이디아,37.5442127,127.0164868
1288,왕십리비트플렉스점,서울 성동구 왕십리광장로 17 (행당동),용산구,이디아,37.5612222,127.0371358
1289,왕십리센트라스점,서울 성동구 무학로 22 (홍익동),용산구,이디아,37.5695901,127.0302822
1290,왕십리역점,서울 성동구 왕십리로 309 (행당동),용산구,이디아,37.56477,127.02792
1291,응봉동점,"서울 성동구 독서당로 381 (응봉동, 현대종합상가)",용산구,이디아,37.55157,127.03233
1292,장한평역점,서울 성동구 천호대로 426 (용답동),용산구,이디아,37.5681285,127.0509274
1293,텐즈힐점,"서울 성동구 무학로 33 (하왕십리동, 텐즈힐)",용산구,이디아,37.5695901,127.0302822
1294,한양대점,서울 성동구 사근동길 4 (행당동),용산구,이디아,37.5609,127.04555
1295,행당동점,서울 성동구 고산자로 201 (행당동),용산구,이디아,37.553546,127.0347296
1296,IBK고객센터점,"서울 용산구 한남대로 72 (한남동, IBK기업은행고객센터)",중랑구,이디아,37.5416806,127.0031988
1297,동부이촌동점,서울 용산구 이촌로77길 19 (이촌동),중랑구,이디아,,
1298,동자동점,서울 용산구 후암로 93 (동자동),중랑구,이디아,37.5496447,126.9774587
1299,삼각지역점,"서울 용산구 한강대로 205 (한강로1가, 용산파크자이)",중랑구,이디아,37.5356461,126.9738539
1300,삼각지점,서울 용산구 한강대로 138 (한강로2가),중랑구,이디아,37.5356461,126.9738539
1301,숙대입구역점,서울 용산구 한강대로 289 (갈월동),중랑구,이디아,37.5356461,126.9738539
1302,순천향병원점,서울 용산구 대사관로 72,중랑구,이디아,37.5335448,127.002637
1303,용문점,서울 용산구 원효로41길 73 (원효로2가),중랑구,이디아,37.5352214,126.9600235
1304,용산원효점,"서울 용산구 원효로 70 (원효로4가, 신정빌딩)",중랑구,이디아,37.5378778,126.9660727
1305,용산중앙점,서울 용산구 한강대로 52-1 (한강로3가),중랑구,이디아,37.5450771,126.9718662
1306,용산청파점,"서울 용산구 청파로71길 10 (청파동1가, 새마을금고)",중랑구,이디아,37.5497453,126.9668688
1307,용산효창점,서울 용산구 효창원로66길 2 (효창동),중랑구,이디아,37.5414276,126.9631823
1308,용산후암점,"서울 용산구 후암로 40-2 (후암동, 성원빌딩)",중랑구,이디아,37.5496447,126.9774587
1309,원효로점,서울 용산구 원효로 257 (원효로1가),중랑구,이디아,37.5378778,126.9660727
